product_name,ingredients,product_type,price,price_pkr,image_url,product_url,suited_age_groups,suited_genders,suited_skin_types,suited_sensitivity,suited_climates,suited_concerns,suited_severity_levels
Advance Brightening Black Seed Face Wash 100ml,Black Seed Extract: Helps soothe skin and improve tone appearance.; Glycerin: Supports hydration and softness.; Mild Cleansing Agents: Remove dirt and oil effectively.,Face Wash,330.0,Rs.330.00,https://cdn.shopify.com/s/files/1/0977/3495/1226/files/5907747205857_1_jpg_6d18517f-5c39-4d48-885d-f5709ecca631.jpg?v=1771266192,https://pk.hemaniherbals.com/products/advance-brightening-black-seed-face-wash-100ml,14-18|19-24|25-36|37-45|45+,male|female,normal|dry|oily|combination,yes|no,"hot and humid (e.g., karachi)|dry and hot|cold and dry",acne|dark spots|dullness|hyperpigmentation|redness|sun tan|whiteheads / blackheads,mild|moderate
Natural Rose Water Spray 120ml,Rose Essence: Helps tone and refresh skin.; Purified Water: Provides a light; gentle base.,Face Mist,315.0,Rs.315.00,https://cdn.shopify.com/s/files/1/0977/3495/1226/files/rosewater.jpg?v=1773378683,https://pk.hemaniherbals.com/products/herbal-rose-water-spray-120ml,14-18|19-24|25-36|37-45|45+,male|female,normal|dry|oily|combination,yes|no,"hot and humid (e.g., karachi)|dry and hot|cold and dry",dullness|open pores|redness,mild
Yogurt Brightening Cream,"Milk Extract: Helps moisturize and soften skin.; Argan Oil: Supports hydration and smoothness.; Prickly Pear Oil: Helps maintain skin suppleness.; Licorice Extract: Supports a brighter, more even tone appearance.",Cream,825.0,Rs.825.00,https://cdn.shopify.com/s/files/1/0977/3495/1226/files/8961102060274_.2jpg_86b0f4f0-e08c-4111-a3fa-127e37d461c1.jpg?v=1771325496,https://pk.hemaniherbals.com/products/yogurt-brightening-cream,14-18|19-24|25-36|37-45|45+,male|female,normal|dry|combination,yes,"hot and humid (e.g., karachi)|dry and hot|cold and dry",dark spots|dullness|hyperpigmentation|sun tan|wrinkles,mild|moderate
Brightening Cucumber Face Wash 100ml,Cucumber Extract: Known for refreshing benefits,Face Wash,330.0,Rs.330.00,https://cdn.shopify.com/s/files/1/0977/3495/1226/files/5907747205888_1_jpg_72bf1dcc-ffd9-4983-9e89-930ff4a5cf66.jpg?v=1771266801,https://pk.hemaniherbals.com/products/brightening-cucumber-face-wash-100ml,14-18|19-24|25-36|37-45|45+,male|female,normal|dry|oily|combination,yes|no,"hot and humid (e.g., karachi)|dry and hot|cold and dry",dullness|open pores|redness|sun tan,mild
Brightening Saffron Foaming Face Wash 150ml,Saffron Extract: Helps improve brightness and tone appearance.; Glycerin: Supports hydration.; Foaming Cleansers: Remove dirt and oil gently.,Face Wash,625.0,Rs.625.00,https://cdn.shopify.com/s/files/1/0977/3495/1226/files/8961102060175_1_jpg_405cd768-c9be-4fed-be07-ad7961ec2508.jpg?v=1771266805,https://pk.hemaniherbals.com/products/brightening-saffron-foaming-face-wash-150ml,14-18|19-24|25-36|37-45|45+,male|female,normal|dry|oily|combination,yes|no,"hot and humid (e.g., karachi)|dry and hot|cold and dry",acne|dark spots|dullness|hyperpigmentation|open pores|sun tan|whiteheads / blackheads,mild|moderate
Acne Fighting Neem Face Wash 100ml,Neem Extract: Helps purify and support clearer-looking skin.; Glycerin: Maintains skin hydration.; Cleansing Base: Removes dirt and oil gently.,Face Wash,330.0,Rs.330.00,https://cdn.shopify.com/s/files/1/0977/3495/1226/files/5907747205901A_1_jpg_0dce1b74-4510-41ae-bbc2-87d76e2f629c.jpg?v=1781088383,https://pk.hemaniherbals.com/products/acne-fighting-neem-face-wash-100ml,14-18|19-24|25-36|37-45,male|female,normal|oily|combination,yes,"hot and humid (e.g., karachi)|dry and hot|cold and dry",acne|dullness|open pores|whiteheads / blackheads,mild|moderate|severe
Hydra Fresh Expert Foaming Face Wash 150ml,Hyaluronic Acid: Attracts and locks in moisture,Face Wash,625.0,Rs.625.00,https://cdn.shopify.com/s/files/1/0977/3495/1226/files/8961102814167_1_jpg.jpg?v=1771268079,https://pk.hemaniherbals.com/products/hydra-fresh-expert-foaming-face-wash-150ml,14-18|19-24|25-36|37-45|45+,male|female,normal|dry|oily|combination,yes|no,"hot and humid (e.g., karachi)|dry and hot|cold and dry",acne|dullness|open pores|whiteheads / blackheads,mild|moderate
Oil-Free Sunscreen SPF 50+  with Vitamin C and Hyaluronic Acid 50ml,Vitamin C: Commonly used in skincare formulas.; Hyaluronic Acid: Supports surface hydration.; UV Filters: Provide sun protection coverage.,Sunscreen,1970.0,"Rs.1,970.00",https://cdn.shopify.com/s/files/1/0977/3495/1226/files/8961102810442_3_jpg_2b1458f3-f2da-4d10-9a70-83e5d8480365.jpg?v=1772005392,https://pk.hemaniherbals.com/products/oil-free-sunscreen-spf-50-with-vitamin-c-and-hyaluronic-acid-50ml,14-18|19-24|25-36|37-45|45+,male|female,normal|dry|oily|combination,no,"hot and humid (e.g., karachi)|dry and hot|cold and dry",acne|dark spots|dullness|hyperpigmentation|open pores|redness|sun tan|whiteheads / blackheads|wrinkles,mild|moderate|severe
Heel Care - Cracked Heel Repair Cream 50g,Moisturizing agents: Support skin softness; Repair; supporting compounds: Help improve surface condition,Cream,235.0,Rs.235.00,https://cdn.shopify.com/s/files/1/0977/3495/1226/files/8964000737064_2_jpg.jpg?v=1772099648,https://pk.hemaniherbals.com/products/heel-care-cracked-heel-repair-cream,14-18|19-24|25-36|37-45|45+,male|female,dry,yes,dry and hot|cold and dry,redness,mild|moderate|severe
Deep Clean Expert Foaming Face Wash 150ml,Salicylic Acid: Helps clear pores; Green Tea Extract: Soothes and refreshes,Face Wash,625.0,Rs.625.00,https://cdn.shopify.com/s/files/1/0977/3495/1226/files/8961102814143_1_jpg.jpg?v=1771267007,https://pk.hemaniherbals.com/products/deep-clean-expert-foaming-face-wash-150ml,14-18|19-24|25-36|37-45,male|female,normal|oily|combination,no,"hot and humid (e.g., karachi)|dry and hot",acne|dullness|open pores|redness|whiteheads / blackheads,mild|moderate
Extra Brightening Ubtan Foaming Face Wash 150ml,"Ubtan: Helps cleanse and refresh dull-looking skin.; Licorice: Supports a brighter, more even tone appearance.; Turmeric: Helps purify and soothe skin.",Face Wash,625.0,Rs.625.00,https://cdn.shopify.com/s/files/1/0977/3495/1226/files/8961102060199_1_jpg_763921a9-8ef1-43d9-89e0-555ab7a5b19c.jpg?v=1771267250,https://pk.hemaniherbals.com/products/extra-brightening-ubtan-foaming-face-wash-150ml,14-18|19-24|25-36|37-45|45+,male|female,normal|oily|combination,no,"hot and humid (e.g., karachi)|dry and hot|cold and dry",acne|dark spots|dullness|hyperpigmentation|open pores|redness|sun tan|whiteheads / blackheads,mild|moderate
Brightening Beauty Cream Gold,brightening; face cream; gold; moisturizer; skin care,Cream,590.0,Rs.590.00,https://cdn.shopify.com/s/files/1/0977/3495/1226/files/8964001305224_.3jpg.jpg?v=1772528065,https://pk.hemaniherbals.com/products/brightening-beauty-cream-gold,14-18|19-24|25-36|37-45|45+,male|female,normal|dry|oily|combination,no,"hot and humid (e.g., karachi)|dry and hot|cold and dry",dullness|dark spots|hyperpigmentation|sun tan,mild|moderate
Advance Brightening Face & Body Lotion 100ml,Moisturizing agents: Support skin softness and hydration,Lotion,275.0,Rs.275.00,https://cdn.shopify.com/s/files/1/0977/3495/1226/files/8964001507246_1_jpg_7433398e-7ea5-4bc7-a3f0-c4f5836f2a6c.jpg?v=1781088676,https://pk.hemaniherbals.com/products/advance-brightening-face-body-lotion,14-18|19-24|25-36|37-45|45+,male|female,normal|dry|oily|combination,yes,"hot and humid (e.g., karachi)|dry and hot|cold and dry",dullness|dark spots|hyperpigmentation|sun tan|wrinkles,mild|moderate
Rose Glow Expert Foaming Face Wash 150ml,Bulgarian Rose Extract: Helps soothe and brighten skin,Face Wash,625.0,Rs.625.00,https://cdn.shopify.com/s/files/1/0977/3495/1226/files/8961102814129_1_jpg.jpg?v=1771269163,https://pk.hemaniherbals.com/products/rose-glow-expert-foaming-face-wash-150ml,14-18|19-24|25-36|37-45|45+,male|female,normal|oily|combination,yes|no,"hot and humid (e.g., karachi)|dry and hot|cold and dry",acne|dark spots|dullness|hyperpigmentation|open pores|redness|sun tan|whiteheads / blackheads,mild|moderate
Oil Control Lemon Face Wash 100ml,Lemon Extract: Known for refreshing properties,Face Wash,330.0,Rs.330.00,https://cdn.shopify.com/s/files/1/0977/3495/1226/files/5907747205864A_1_jpg_c856931b-c655-44b7-99fc-b499500b8d70.jpg?v=1771268685,https://pk.hemaniherbals.com/products/oil-control-lemon-face-wash-100ml,14-18|19-24|25-36,male|female,oily|combination,no,"hot and humid (e.g., karachi)|dry and hot",acne|dullness|open pores|whiteheads / blackheads,mild|moderate
Intensive Care Therapy - Aloe Vera Gel 150ml (Jar),"Aloe Vera: Hydrates, soothes, and supports skin recovery.",Gel,835.0,Rs.835.00,https://cdn.shopify.com/s/files/1/0977/3495/1226/files/8964001505266_2_jpg.jpg?v=1772098399,https://pk.hemaniherbals.com/products/intensive-care-therapy-aloe-vera-gel-150ml-jar,14-18|19-24|25-36|37-45|45+,male|female,normal|dry|oily|combination,yes|no,"hot and humid (e.g., karachi)|dry and hot|cold and dry",acne|dullness|redness|sun tan,mild|moderate
Herbal Rose with Aloe Vera Water Spray 120ml,Aloe Vera Extract: Helps soothe and hydrate skin.; Rose Essence: Refreshes and revitalizes complexion.; Purified Water Base: Ensures lightweight feel.,Face Mist,310.0,Rs.310.00,https://cdn.shopify.com/s/files/1/0977/3495/1226/files/8961102067068_1_jpg.jpg?v=1771267978,https://pk.hemaniherbals.com/products/herbal-rose-with-aloe-vera-water-spray-120ml,14-18|19-24|25-36|37-45|45+,male|female,normal|dry|oily|combination,yes|no,"hot and humid (e.g., karachi)|dry and hot|cold and dry",acne|dullness|redness,mild
Anti Acne Neem Foaming Face Wash 150ml,Neem Extract: Helps purify skin and support a clearer look.; Glycerin: Maintains moisture balance.; Foaming Cleansers: Remove dirt and oil gently.,Face Wash,625.0,Rs.625.00,https://cdn.shopify.com/s/files/1/0977/3495/1226/files/8961102060168_1_jpg_ab5f9740-4f44-425c-a26d-ab39f8d55b1f.jpg?v=1781091043,https://pk.hemaniherbals.com/products/anti-acne-neem-foaming-face-wash-150ml,14-18|19-24|25-36|37-45|45+,male|female,oily|combination,yes,"hot and humid (e.g., karachi)|dry and hot|cold and dry",acne|open pores|whiteheads / blackheads,mild|moderate|severe
Fragrance Free Soap 75g,Natural Soap Base; cleanses skin gently.; Free of Added Fragrance; ideal for sensitive skin.; No Colour Additives; pure and simple formula.; Available in a fragrance; free format suited to everyday cleansing and minimal sensory preferences.,Soap,255.0,Rs.255.00,https://cdn.shopify.com/s/files/1/0977/3495/1226/files/8961102819209_2_jpg_27349505-a4b8-4b57-b904-b593e099e5f6.jpg?v=1771267391,https://pk.hemaniherbals.com/products/fragrance-free-soap-75g,14-18|19-24,female,normal|sensitive,yes,dry and hot,acne|open pores|redness,mild
SPF 50 Sun Block Cream 50ml,SPF 50 – High-level protection against harmful UVA rays.; Hyaluronic Acid – Deeply hydrates and helps maintain skin elasticity.; Vitamin E – Provides antioxidant defense and supports skin repair.,Sunscreen,730.0,Rs.730.00,https://cdn.shopify.com/s/files/1/0977/3495/1226/files/8681475384509_2_jpg.jpg?v=1771999120,https://pk.hemaniherbals.com/products/spf-50-sun-block-cream-50ml,14-18|19-24|25-36|37-45,male|female,normal|combination,no,"hot and humid (e.g., karachi)|dry and hot",sun tan|wrinkles,mild|moderate
Rose Lip Balm Chapstick,lip balm; lip care; makeup; rose; vitamin e,Lip Care,245.0,Rs.245.00,https://cdn.shopify.com/s/files/1/0977/3495/1226/files/8961102066986_1_jpg.jpg?v=1771269169,https://pk.hemaniherbals.com/products/rose-lip-balm-chapstick,14-18|19-24|25-36|37-45|45+,male|female,normal|dry|oily|combination,yes,"hot and humid (e.g., karachi)|dry and hot|cold and dry",dullness|redness,mild|moderate
Age Control Cleansing Milk 200ml,anti aging; brightening; face wash; skin care,Face Wash,792.0,Rs.792.00,https://cdn.shopify.com/s/files/1/0977/3495/1226/files/8964001507574_1_jpg_476c068c-16c3-4cd6-9300-7627f14a78d6.jpg?v=1781089117,https://pk.hemaniherbals.com/products/age-control-cleansing-milk,19-24|25-36,female,normal|combination,no,dry and hot,dullness|hyperpigmentation|wrinkles,mild|moderate
Insta Bright Expert Foaming Face Wash 150ml,Vitamin C: Supports brightness and clarity; Hyaluronic Acid: Maintains hydration,Face Wash,625.0,Rs.625.00,https://cdn.shopify.com/s/files/1/0977/3495/1226/files/8961102814150_1_jpg.jpg?v=1771268123,https://pk.hemaniherbals.com/products/insta-bright-expert-foaming-face-wash-150ml,19-24|25-36,female,normal|combination,no,"hot and humid (e.g., karachi)|dry and hot",dullness|hyperpigmentation,mild|moderate
ROSIE Premium Face Mist 50ml,50ml; brightening; skin care,Face Mist,405.0,Rs.405.00,https://cdn.shopify.com/s/files/1/0977/3495/1226/files/8964002911387_1_jpg_af00f2f2-0b2d-4b93-a0e3-91a69f611142.jpg?v=1771269182,https://pk.hemaniherbals.com/products/rosie-premium-face-mist-50ml,19-24|25-36,female,normal|combination,no,"hot and humid (e.g., karachi)|dry and hot",dullness|hyperpigmentation,mild|moderate
Anti Wrinkle Sandalwood Face Wash 100ml,Sandalwood Extract: Helps soothe and refresh skin.; Glycerin: Maintains hydration balance.; Foaming Base: Cleanses gently.,Face Wash,330.0,Rs.330.00,https://cdn.shopify.com/s/files/1/0977/3495/1226/files/8961102814464_1_jpg.jpg?v=1771266333,https://pk.hemaniherbals.com/products/anti-wrinkle-sandalwood-face-wash-100ml,19-24|25-36,female,normal|combination,no,dry and hot,dullness|wrinkles,mild|moderate
Anti Wrinkle Sandal Foaming Face Wash 150ml,Sandalwood Extract: Helps soothe and refresh skin.; Glycerin: Maintains hydration balance.; Foaming Base: Cleanses gently.,Face Wash,625.0,Rs.625.00,https://cdn.shopify.com/s/files/1/0977/3495/1226/files/8961102061356_1_jpg_33bd71fc-7f92-4cd6-a8aa-b4ff94de9f3e.jpg?v=1781091567,https://pk.hemaniherbals.com/products/anti-wrinkle-sandal-foaming-face-wash-150ml,25-36|37-45|45+,male|female,normal|dry|oily|combination,yes,"hot and humid (e.g., karachi)|dry and hot|cold and dry",acne|dark spots|dullness|open pores|redness|whiteheads / blackheads|wrinkles,mild|moderate|severe
Advance Brightening Cream for Women,Moisturizing Base: Supports hydration and smoothness.; Brightening Complex: Helps improve tone appearance.,Cream,215.0,Rs.215.00,https://cdn.shopify.com/s/files/1/0977/3495/1226/files/8964001505013_2_jpg.jpg?v=1781088643,https://pk.hemaniherbals.com/products/advance-brightening-cream-for-women,19-24|25-36,female,normal|combination,no,dry and hot,dullness|hyperpigmentation,mild|moderate
Clear Face Expert Foaming Face Wash 150ml,Tea Tree Extract: Helps maintain clearer; looking skin,Face Wash,625.0,Rs.625.00,https://cdn.shopify.com/s/files/1/0977/3495/1226/files/8961102814136_1_jpg.jpg?v=1771266891,https://pk.hemaniherbals.com/products/clear-face-expert-foaming-face-wash-150ml,19-24,female|male,normal|oily,no,"hot and humid (e.g., karachi)|dry and hot",acne|open pores|redness,mild|moderate
Purifying Turmeric Foaming Face Wash 150ml,Turmeric Extract: Helps purify and soothe skin.; Glycerin: Supports moisture balance.; Foaming Cleansers: Lift away impurities gently.,Face Wash,625.0,Rs.625.00,https://cdn.shopify.com/s/files/1/0977/3495/1226/files/8961102060182_1_jpg_bb968d4f-6acf-41b3-a152-4ab5559cff62.jpg?v=1771269084,https://pk.hemaniherbals.com/products/purifying-turmeric-foaming-face-wash-150ml,14-18|19-24,female,normal|oily,no,"hot and humid (e.g., karachi)|dry and hot",acne|open pores|redness,mild|moderate
Moisturizing Olive Face Wash 100ml,Olive Extract: Helps nourish and moisturize skin.; Gentle Cleansing Base: Supports skin comfort.,Face Wash,330.0,Rs.330.00,https://cdn.shopify.com/s/files/1/0977/3495/1226/files/MoisturizingOliveFaceWash.jpg?v=1772015333,https://pk.hemaniherbals.com/products/moisturizing-olive-face-wash,19-24|25-36,female,normal|dry,no,dry and hot,dullness,mild
Acne & Blemish Control Face Wash 150ml,Salicylic Acid – helps clear clogged pores.; Neem Extract – supports reduction of blemishes and inflammation.; Tea Tree & Green Tea – help control acne and balance skin.,Face Wash,720.0,Rs.720.00,https://cdn.shopify.com/s/files/1/0977/3495/1226/files/8961102815492_1_jpg.jpg?v=1781088233,https://pk.hemaniherbals.com/products/acne-blemish-control-face-wash-150ml,14-18|19-24,female,oily|combination,no,"hot and humid (e.g., karachi)|dry and hot",acne|open pores|whiteheads / blackheads,mild|moderate
Naturistic - Eyelash Serum,Argan Oil: Valued for conditioning properties.; Castor Oil: Supports lash nourishment.; Vitamin E: Helps maintain lash strength.,Serum,760.0,Rs.760.00,https://cdn.shopify.com/s/files/1/0977/3495/1226/files/8964001505341_2_jpg.jpg?v=1772096443,https://pk.hemaniherbals.com/products/naturistic-eyelash-serum,19-24|25-36,female,normal|dry,no,dry and hot,dullness|wrinkles,mild|moderate
Char Glow Face Wash 100ml,Activated Charcoal: Helps pull out impurities from deep within pores.; Natural Cleansing Agents: Assist in removing excess oil and dirt.; Hydration Support: Leaves skin feeling soft and refreshed.,Face Wash,490.0,Rs.490.00,https://cdn.shopify.com/s/files/1/0977/3495/1226/files/8961102817007_1_jpg.jpg?v=1771266857,https://pk.hemaniherbals.com/products/char-glow-face-wash-100ml,14-18|19-24|25-36,female,normal|oily,no,"hot and humid (e.g., karachi)|dry and hot",acne|open pores|whiteheads / blackheads,mild|moderate
Moisturizing Face & Body Lotion with Vitamin E,Vitamin E: Supports skin conditioning and moisture retention,Lotion,275.0,Rs.275.00,https://cdn.shopify.com/s/files/1/0977/3495/1226/files/8964001507284_1_jpg_a3b4834d-49f5-4da7-9070-6f216eb89fdf.jpg?v=1771268409,https://pk.hemaniherbals.com/products/moisturizing-face-body-lotion-with-vitamin-e,19-24|25-36,female,normal|dry,no,dry and hot,dullness|dryness,mild
Age Rewind Face Serum with 20% Vitamin C & Hyaluronic Acid | Aijaz Aslam 30ml,Vitamin C (10%): Supports brightness and antioxidant defense.; Hyaluronic Acid: Helps hydrate and maintain skin suppleness.,Serum,1485.0,"Rs.1,485.00",https://cdn.shopify.com/s/files/1/0977/3495/1226/files/8964002911592_2_jpg.jpg?v=1781089252,https://pk.hemaniherbals.com/products/age-rewind-face-serum-with-10-vitamin-c-hyaluronic-acid-aijaz-aslam,25-36|37-45|45+,female,normal|combination,no,dry and hot|cold and dry,dullness|wrinkles,mild|moderate
Brightening Facial Scrub with Apricot & Walnut 150ml,Apricot Extract: Supports skin conditioning; Walnut Extract: Assists exfoliation,Scrub,730.0,Rs.730.00,https://cdn.shopify.com/s/files/1/0977/3495/1226/files/5907747205932_1_jpg_c4715697-40d5-47e0-aae9-7f931870ae81.jpg?v=1771266803,https://pk.hemaniherbals.com/products/brightening-facial-scrub-with-apricot-walnut,19-24|25-36,female,normal|oily,no,"hot and humid (e.g., karachi)|dry and hot",acne|dullness|hyperpigmentation|open pores|whiteheads / blackheads,mild|moderate
Intensive Care Therapy Aloe Vera 3 in 1 Face Wash + Scrub + Mask Deep Cleansing with Natural Beads,brightening; face scrub; face wash; natural; skin care,Face Wash,1260.0,"Rs.1,260.00",https://cdn.shopify.com/s/files/1/0977/3495/1226/files/8964001505440_1_jpg.jpg?v=1771268146,https://pk.hemaniherbals.com/products/intensive-care-therapy-aloe-vera-3-in-1-face-wash-scrub-mask-deep-cleansing-with-natural-beads,19-24|25-36,female,normal|oily,no,"hot and humid (e.g., karachi)|dry and hot",acne|dullness|open pores|whiteheads / blackheads,mild|moderate
Herbal Beauty Mask Powder - Multani Mitti with Banana,brightening; herbal powder; multani mitti; skin care; supplement; wellness,Mask,420.0,Rs.420.00,https://cdn.shopify.com/s/files/1/0977/3495/1226/files/8961102066764_1_jpg.jpg?v=1771267588,https://pk.hemaniherbals.com/products/herbal-beauty-mask-powder-multani-mitti-with-banana,14-18|19-24|25-36,female,normal|dry,no,dry and hot|cold and dry,dullness|hyperpigmentation,mild
Herbal Beauty Mask Powder - Multani Mitti with Tomato 200g,brightening; herbal powder; multani mitti; skin care; supplement; tomato; wellness,Mask,420.0,Rs.420.00,https://cdn.shopify.com/s/files/1/0977/3495/1226/files/8961102066788_1_jpg.jpg?v=1771267592,https://pk.hemaniherbals.com/products/herbal-beauty-mask-powder-multani-mitti-with-tomato,19-24|25-36,female,normal|combination,no,dry and hot|cold and dry,dullness|hyperpigmentation|open pores,mild|moderate
Anti Aging Face Wash 150ml,Rice Bran & Rice Water; Nourishes and brightens.; Green Tea; Removes excess oil and impurities.; Wild Rose & Luffa Fruit; Helps exfoliate; unclog pores and improve skin texture.,Face Wash,720.0,Rs.720.00,https://cdn.shopify.com/s/files/1/0977/3495/1226/files/8961102815515_1_jpg.jpg?v=1781091132,https://pk.hemaniherbals.com/products/anti-aging-face-wash-150ml,19-24|25-36,female,normal|oily,no,"hot and humid (e.g., karachi)|dry and hot",acne|open pores|dullness|wrinkles,mild|moderate
Retinol Face Serum 30ml,Retinol: Commonly used in night serums.; Niacinamide: Supports even skin appearance.; Squalene: Helps maintain skin moisture.,Serum,1835.0,"Rs.1,835.00",https://cdn.shopify.com/s/files/1/0977/3495/1226/files/8961102810435_2_jpg_c01eceeb-0861-411d-ac4b-dce87b3dea96.jpg?v=1772002422,https://pk.hemaniherbals.com/products/retinol-face-serum-30ml,19-24|25-36|37-45|45+,female,normal|combination,no,dry and hot|cold and dry,acne|dark spots|dullness|hyperpigmentation|open pores|redness|wrinkles,mild|moderate
Natural Whitening Solutions - Face Serum,Hyaluronic Acid: Helps hydrate and support a smoother; looking texture.; Vitamin C: Supports brightening and helps reduce free radical impact.; Vitamin E and Ferulic Acid: Work together to support antioxidant protection and a more even; looking tone.,Serum,1715.0,"Rs.1,715.00",https://cdn.shopify.com/s/files/1/0977/3495/1226/files/8681475384677_2_jpg.jpg?v=1772095749,https://pk.hemaniherbals.com/products/natural-whitening-solutions-face-serum,19-24|25-36,female,normal|combination,no,"hot and humid (e.g., karachi)|dry and hot",dullness|hyperpigmentation|sun tan,mild|moderate
Lavender Lip Balm,lavender; lip balm; lip care; makeup,Lip Care,440.0,Rs.440.00,https://cdn.shopify.com/s/files/1/0977/3495/1226/files/8961102060526_1_jpg_c54b3643-6221-49e2-b38b-9c8056455666.jpg?v=1771268266,https://pk.hemaniherbals.com/products/lavender-lip-balm,14-18|19-24|25-36,female,normal|dry,no,dry and hot,dullness|redness,mild
Glow Boost Foaming Face Wash with Vitamin C 150ml,Vitamin C: Supports skin brightness and revitalization.; Gentle Cleansers: Help lift dirt and excess oil.,Face Wash,1630.0,"Rs.1,630.00",https://cdn.shopify.com/s/files/1/0977/3495/1226/files/8681475384172_1_jpg.jpg?v=1771267442,https://pk.hemaniherbals.com/products/glow-boost-foaming-face-wash-with-vitamin-c-150ml,19-24|25-36,female,normal|oily,no,"hot and humid (e.g., karachi)|dry and hot",acne|dullness|open pores,mild|moderate
Natural Whitening Solutions Brightening and Whitening Night Cream,Rice Bran Oil: Helps support smooth texture and surface nourishment.; Mulberry Extract: Commonly used in tone; balancing formulas.; Licorice Extract: Known for supporting an even skin appearance.,Cream,3065.0,"Rs.3,065.00",https://cdn.shopify.com/s/files/1/0977/3495/1226/files/8681475384042_2_jpg.jpg?v=1772096552,https://pk.hemaniherbals.com/products/natural-whitening-solutions-brightening-and-whitening-night-cream,19-24|25-36,female,normal|combination,no,dry and hot|cold and dry,dullness|hyperpigmentation,mild|moderate
Hyaluronic Face Serum with Collagen 30ml,Hyaluronic Acid: Supports moisture retention.; Collagen: Helps maintain skin elasticity.; Niacinamide: Supports even; looking tone.,Serum,1835.0,"Rs.1,835.00",https://cdn.shopify.com/s/files/1/0977/3495/1226/files/8961102810428_1_jpg_9df4be76-50a1-4c80-9906-b6b8bad1ab4d.jpg?v=1771268078,https://pk.hemaniherbals.com/products/hyaluronic-face-serum-with-collagen-30ml,19-24|25-36|37-45,female,normal|combination,no,dry and hot|cold and dry,dullness|wrinkles,mild|moderate
WB Hand & Foot Brightening Cream 150ml,150ml; 50ml; body care; brightening; foot care; skin care,Cream,2175.0,"Rs.2,175.00",https://cdn.shopify.com/s/files/1/0977/3495/1226/files/8961102810404_1_jpg_ffc52177-0bca-47d1-bb4a-84148232e198.jpg?v=1771269766,https://pk.hemaniherbals.com/products/wb-hand-foot-brightening-cream-150ml,19-24|25-36,female,normal|dry,no,dry and hot|cold and dry,dark spots|dullness|hyperpigmentation,mild|moderate
Smoothing Facial Scrub with Berry Burst 150ml,Strawberry Extract: Supports skin freshness; Raspberry Extract: Helps improve skin appearance; Goji Berry Extract: Known for antioxidant properties,Scrub,730.0,Rs.730.00,https://cdn.shopify.com/s/files/1/0977/3495/1226/files/5907747205949_1_jpg_46110541-9211-4758-92c2-c5b0f1ecd310.jpg?v=1771269466,https://pk.hemaniherbals.com/products/smoothing-facial-scrub-with-berry-burst,19-24|25-36,female,normal|oily,no,"hot and humid (e.g., karachi)|dry and hot",acne|dullness|open pores|redness,mild|moderate
Nourishing Argan Face Wash 100ml,Argan Oil; Moisture; supporting cleansers,Face Wash,330.0,Rs.330.00,https://cdn.shopify.com/s/files/1/0977/3495/1226/files/8697428817017_1_jpg.jpg?v=1771268614,https://pk.hemaniherbals.com/products/nourishing-argan-face-wash-100ml,19-24|25-36,female,normal|dry,no,dry and hot,dullness|normal skin maintenance,mild
Herbal Beauty Mask Powder - Orange Peel,brightening; herbal powder; skin care; supplement; wellness,Mask,805.0,Rs.805.00,https://cdn.shopify.com/s/files/1/0977/3495/1226/files/8961102067303_1_jpg.jpg?v=1771267593,https://pk.hemaniherbals.com/products/herbal-beauty-mask-powder-orange-peel,19-24|25-36,female,normal|combination,no,dry and hot,dullness|hyperpigmentation,mild|moderate
Cucumber & Aloe Vera Noodle Soap 100gm,100g; aloe vera; body care; cucumber; daily care; noodle soap; soap,Soap,325.0,Rs.325.00,https://cdn.shopify.com/s/files/1/0977/3495/1226/files/8964000736227_2_jpg.jpg?v=1772100274,https://pk.hemaniherbals.com/products/cucumber-aloe-vera-noodle-soap-100gm,19-24|25-36,female,normal|dry,no,dry and hot,dullness|redness,mild
Age Control Night Cream,Moisture-binding and skin-supporting actives,Cream,1670.0,"Rs.1,670.00",https://cdn.shopify.com/s/files/1/0977/3495/1226/files/8964001507598_2_jpg_8f177e70-3d38-4159-b228-22132e09e3f0.jpg?v=1781089197,https://pk.hemaniherbals.com/products/age-control-night-cream,25-36|37-45|45+,female,normal|dry,no,dry and hot|cold and dry,dullness|wrinkles,mild|moderate
Age Control Day Cream 100ml,Moisture-binding humectants.,Cream,1665.0,"Rs.1,665.00",https://cdn.shopify.com/s/files/1/0977/3495/1226/files/8964001507567_2_jpg_c7330cbb-2f22-4a8d-ab35-ee96df44dbe7.jpg?v=1781089143,https://pk.hemaniherbals.com/products/age-control-day-cream,25-36|37-45|45+,female,normal|dry,no,dry and hot|cold and dry,dullness|wrinkles,mild|moderate
AHA Clarifying & Exfoliating Face Wash 150ml,Lactic & Malic Acids – gentle AHAs for exfoliation and texture improvement.; Chamomile Extract – calms and soothes skin.; Grape & Calendula Extracts – support elasticity and hydration.,Face Wash,720.0,Rs.720.00,https://cdn.shopify.com/s/files/1/0977/3495/1226/files/8961102815522_1_jpg.jpg?v=1781089301,https://pk.hemaniherbals.com/products/aha-clarifying-exfoliating-face-wash-150ml,19-24|25-36,female,normal|combination,no,"hot and humid (e.g., karachi)|dry and hot",acne|dullness|open pores|redness,mild|moderate
Pore Perfect Face Serum 30ml,Niacinamide; refines pores and improves tone.; Zinc; helps regulate oil.; Vitamin C; brightens and boosts radiance.; Pomegranate Extract; antioxidant support and protection,Serum,2295.0,"Rs.2,295.00",https://cdn.shopify.com/s/files/1/0977/3495/1226/files/8961102819292_2_jpg_330851f7-e2b8-44ec-b35f-afd0602cf1ee.jpg?v=1772004494,https://pk.hemaniherbals.com/products/pore-perfect-face-serum-30ml,19-24|25-36,female,normal|oily|combination,no,"hot and humid (e.g., karachi)|dry and hot",acne|open pores|dullness|hyperpigmentation,mild|moderate
Lyte & Bright Day & Night Face Cream 30gm,Licorice Extract: Brightens skin and targets dark spots.; Niacinamide: Helps even out skin tone and refine texture.; Natural Moisturizing Agents: Deeply hydrate and smooth skin.,Cream,2705.0,"Rs.2,705.00",https://cdn.shopify.com/s/files/1/0977/3495/1226/files/8961102818578_2_jpg_26bfbefe-edd7-4a88-ba80-bce5a9a8c718.jpg?v=1772098129,https://pk.hemaniherbals.com/products/lyte-bright-day-night-face-cream-30gm,19-24|25-36,female,normal|dry,no,dry and hot,dark spots|dullness|hyperpigmentation,mild|moderate
Facial Glow Face Wash 150ml,Turmeric Extract; brightens and evens skin tone.; Aloe Vera; hydrates and soothes skin.; Natural Cleansing Agents; help remove oil and impurities.,Face Wash,720.0,Rs.720.00,https://cdn.shopify.com/s/files/1/0977/3495/1226/files/8961102815485_1_jpg.jpg?v=1771267270,https://pk.hemaniherbals.com/products/facial-glow-face-wash-150ml,14-18|19-24|25-36,female,normal|oily|combination,no,"hot and humid (e.g., karachi)|dry and hot",acne|dullness|hyperpigmentation|open pores|redness,mild|moderate
Soothing Hydration Face & Body Lotion with Aloe Vera,Aloe Vera: Supports moisture and skin comfort,Lotion,275.0,Rs.275.00,https://cdn.shopify.com/s/files/1/0977/3495/1226/files/8964001507291_1_jpg_0e5919d7-aa61-466f-ac0f-1b04a361f158.jpg?v=1771269522,https://pk.hemaniherbals.com/products/soothing-hydration-face-body-lotion-with-aloe-vera,19-24|25-36,female,normal|dry,no,dry and hot,dullness|dryness,mild
Naturistic - Under Eye Serum with Roller Ball,Grape Seed Oil: Supports skin conditioning.; Jojoba Oil: Helps maintain moisture balance.; Shea Butter: Assists in nourishment.,Serum,1090.0,"Rs.1,090.00",https://cdn.shopify.com/s/files/1/0977/3495/1226/files/8964001505372_1_jpg.jpg?v=1771268559,https://pk.hemaniherbals.com/products/naturistic-under-eye-serum-with-roller-ball,19-24|25-36,female,normal|dry,no,dry and hot|cold and dry,dark circles|dullness,mild
10% GFF & 1% BHA Balance Mist 100ml - Ultimate Hydrating Skin Solution,"Galactomyces Ferment Filtrate for pore refining support.; Salicylic Acid (BHA) for exfoliation and clearer pores.; Niacinamide, Seaweed, and ProVitamin B5 for hydration and soothing benefits.",Face Mist,2980.0,"Rs.2,980.00",https://cdn.shopify.com/s/files/1/0977/3495/1226/files/BalanceMist10BHA.jpg?v=1773818513,https://pk.hemaniherbals.com/products/10-gff-1-bha-balance-mist,19-24|25-36,female,normal|combination,no,"hot and humid (e.g., karachi)|dry and hot",acne|open pores|dullness,mild|moderate
Soft & Smooth Face & Body Lotion with Cocoa 100ml,Cocoa extracts: Support skin softness; Moisturizing agents: Help maintain hydration,Lotion,275.0,Rs.275.00,https://cdn.shopify.com/s/files/1/0977/3495/1226/files/8964001507253_1_jpg_5d5e0aea-409d-48c5-868e-7492a3665d04.jpg?v=1771269502,https://pk.hemaniherbals.com/products/soft-smooth-face-body-lotion-with-cocoa,19-24|25-36,female,normal|dry,no,dry and hot|cold and dry,dullness|dryness,mild
Oil Control Acne-Free Face Wash with Grapefruit 250ml,Grapefruit Extract: Supports skin freshness and balance.; Salicylic Acid: Assists in pore care.; Chamomile Extract: Helps soothe skin.; Aloe Vera: Supports hydration comfort.,Face Wash,1995.0,"Rs.1,995.00",https://cdn.shopify.com/s/files/1/0977/3495/1226/files/Gemini_Generated_Image_fy24jffy24jffy24.png?v=1777097743,https://pk.hemaniherbals.com/products/oil-control-acne-free-face-wash-with-grapefruit-250ml,14-18|19-24,female,normal|oily,no,"hot and humid (e.g., karachi)|dry and hot",acne|open pores,mild|moderate
Char Glow Face Serum 30ml,Activated Charcoal Extract: Pulls out impurities for clearer skin.; Mild Exfoliating Beads: Helps buff away surface dead skin.; Moisture Support Complex: Helps maintain balanced hydration.,Serum,850.0,Rs.850.00,https://cdn.shopify.com/s/files/1/0977/3495/1226/files/8961102818356_2_jpg_0ca16f22-533a-4c36-8ec2-59b6f0ed288d.jpg?v=1772169358,https://pk.hemaniherbals.com/products/char-glow-face-serum-30ml,19-24|25-36,female,normal|oily,no,"hot and humid (e.g., karachi)|dry and hot",acne|open pores|dullness,mild|moderate
Calming Comfort Face & Body Lotion with Lavender,Lavender: Supports skin comfort and surface conditioning,Lotion,275.0,Rs.275.00,https://cdn.shopify.com/s/files/1/0977/3495/1226/files/8964001507277.jpg?v=1771417641,https://pk.hemaniherbals.com/products/calming-comfort-face-body-lotion-with-lavender,19-24|25-36,female,normal|dry,yes,dry and hot,dullness|redness,mild
Refreshing Facial Scrub with Pomegranate and Aloe Vera 150ml,Pomegranate Extract: Supports brighter appearance; Aloe Vera: Helps soothe and hydrate,Scrub,730.0,Rs.730.00,https://cdn.shopify.com/s/files/1/0977/3495/1226/files/5907747205963_1_jpg_a9288ce8-1a8e-4946-9c6f-b977b59ba632.jpg?v=1771269116,https://pk.hemaniherbals.com/products/refreshing-facial-scrub-with-pomegranate-and-aloe-vera,14-18|19-24,female,normal|combination,no,"hot and humid (e.g., karachi)|dry and hot",dullness|hyperpigmentation|open pores,mild|moderate
Lyte & Bright Foaming Face Wash 150ml,Niacinamide: Helps even out skin tone and reduce dark spots.; Licorice Extract: Brightens skin and enhances radiance.; Gentle Foaming Agents: Cleanse without drying or stripping natural moisture.,Face Wash,1310.0,"Rs.1,310.00",https://cdn.shopify.com/s/files/1/0977/3495/1226/files/8961102818585_1_jpg_227112eb-5140-43ed-bdd6-935b97f8d6f6.jpg?v=1771268322,https://pk.hemaniherbals.com/products/lyte-bright-foaming-face-wash-150ml,19-24|25-36,female,normal|combination,no,dry and hot,dark spots|dullness|hyperpigmentation,mild|moderate
Lemon Lip Balm,lemon; lip balm; lip care; makeup,Lip Care,290.0,Rs.290.00,https://cdn.shopify.com/s/files/1/0977/3495/1226/files/8964001505389_1_jpg.jpg?v=1771268279,https://pk.hemaniherbals.com/products/lemon-lip-balm,14-18|19-24,female,normal|dry,no,dry and hot,dullness|sun tan,mild
Natural Whitening Solutions - Brightening and Whitening Day Cream SPF 20,Rice Bran Oil: Nourishes skin while supporting a soft; comfortable feel.; Mulberry and Licorice: Help support a brighter; looking; more even tone.; Vitamins B3; and C Complex: Support skin comfort and a fresher; looking glow.,Cream,3065.0,"Rs.3,065.00",https://cdn.shopify.com/s/files/1/0977/3495/1226/files/day-cream-1.jpg?v=1776166707,https://pk.hemaniherbals.com/products/natural-whitening-solutions-brightening-and-whitening-day-cream-spf-20,19-24|25-36,female,normal|combination,no,"hot and humid (e.g., karachi)|dry and hot",dullness|hyperpigmentation,mild|moderate
Anti Acne Facial Scrub with Avocado and Grapefruit,Avocado Extract: Supports skin conditioning; Grapefruit Extract: Helps refresh skin,Scrub,730.0,Rs.730.00,https://cdn.shopify.com/s/files/1/0977/3495/1226/files/5907747205970_1_jpg_64cf2a28-6f1f-4325-b926-3e1e1546547d.jpg?v=1781090932,https://pk.hemaniherbals.com/products/anti-acne-facial-scrub-with-avocado-and-grapefruit,14-18|19-24,female,normal|oily,no,"hot and humid (e.g., karachi)|dry and hot",acne|open pores,mild|moderate
Youthful Glow Face Serum with Argan & Vitamin C 30ml,Argan Oil: Treats dry skin and supports elasticity; Vitamin C: Brightens; hydrates and helps reduce pigmentation; Herbal Extracts: Boost hydration and radiance for glowing skin .,Serum,1720.0,"Rs.1,720.00",https://cdn.shopify.com/s/files/1/0977/3495/1226/files/8961102814181_.2jpg_fb3e3066-7307-48f0-a1d3-104718a5c465.jpg?v=1771392683,https://pk.hemaniherbals.com/products/youthful-glow-face-serum-with-argan-vitamin-c-30ml,19-24|25-36,female,normal|dry,no,dry and hot,dullness|hyperpigmentation|wrinkles,mild|moderate
Spot Control - Acne Spot Serum with Tea Tree | AO Beauty,Tea Tree Oil: Helps purify blemish; prone skin; Neem Oil: Supports balanced skin condition; Eucalyptus Oil: Provides soothing effect; Coconut Oil: Helps maintain hydration,Serum,1115.0,"Rs.1,115.00",https://cdn.shopify.com/s/files/1/0977/3495/1226/files/8964002913442_2_jpg_b22f1d07-9282-4cf3-882e-0e658bc0d4e0.jpg?v=1771998981,https://pk.hemaniherbals.com/products/spot-control-acne-spot-serum-with-tea-tree-ao-beauty,14-18|19-24,female,normal|oily,yes,"hot and humid (e.g., karachi)",acne|open pores|whiteheads / blackheads,mild|moderate
Rose Noodle Soap 100gm,100g; body care; daily care; noodle soap; rose; soap,Soap,325.0,Rs.325.00,https://cdn.shopify.com/s/files/1/0977/3495/1226/files/8964000736234_2_jpg.jpg?v=1772001114,https://pk.hemaniherbals.com/products/rose-noodle-soap-100gm,19-24|25-36,female,normal|combination,no,"hot and humid (e.g., karachi)|dry and hot",acne|dullness|open pores|redness,mild|moderate
Hyper Clear Spot Controlling Cream 50ml,Salicylic Acid to help clear blemishes.; Hyaluronic Acid for deep hydration.; Vitamin E and Chamomile to soothe and repair.,Cream,2760.0,"Rs.2,760.00",https://cdn.shopify.com/s/files/1/0977/3495/1226/files/8961102819308_2_jpg_70fd741c-d992-4cc2-8fe3-8b394ebab2aa.jpg?v=1772098766,https://pk.hemaniherbals.com/products/hyper-clear-spot-controlling-cream-50ml,14-18|19-24,female,normal|oily,no,"hot and humid (e.g., karachi)|dry and hot",acne|dark spots|hyperpigmentation|open pores|whiteheads / blackheads,mild|moderate
Herbal Beauty Mask Powder - Ubtan with Rose & Sandal,brightening; herbal powder; rose; skin care; supplement; ubtan; wellness,Mask,725.0,Rs.725.00,https://cdn.shopify.com/s/files/1/0977/3495/1226/files/8961102066818_1_jpg.jpg?v=1771267596,https://pk.hemaniherbals.com/products/herbal-beauty-mask-powder-ubtan-with-rose-sandal,19-24|25-36,female,normal|combination,no,dry and hot,dullness|hyperpigmentation,mild|moderate
Char Glow Face Scrub 150ml,Activated Charcoal: Helps draw out impurities and excess oil.; Exfoliating Beads: Gently buff away dull skin.; Hydrating Agents: Support moisture balance.,Scrub,730.0,Rs.730.00,https://cdn.shopify.com/s/files/1/0977/3495/1226/files/8961102817014_1_jpg.jpg?v=1771266854,https://pk.hemaniherbals.com/products/char-glow-face-scrub-150ml,19-24|25-36,female,normal|oily,no,"hot and humid (e.g., karachi)|dry and hot",acne|dullness|open pores|whiteheads / blackheads,mild|moderate
Daily Cleansing Face Wash 150ml,Orange Extract; helps control oil and acne.; Lemon Extract; detoxifies and brightens skin.; Goji Berry & Rosehip; support hydration and smoothness.,Face Wash,720.0,Rs.720.00,https://cdn.shopify.com/s/files/1/0977/3495/1226/files/8961102815508_1_jpg.jpg?v=1771266978,https://pk.hemaniherbals.com/products/daily-cleansing-face-wash-150ml,19-24|25-36,female,normal|oily,no,"hot and humid (e.g., karachi)|dry and hot",acne|dullness|open pores|whiteheads / blackheads,mild|moderate
Argan Noodle Soap 100gm,100g; argan; body care; daily care; noodle soap; soap,Soap,325.0,Rs.325.00,https://cdn.shopify.com/s/files/1/0977/3495/1226/files/8964000736210_2_jpg.jpg?v=1772081611,https://pk.hemaniherbals.com/products/argan-noodle-soap-100gm,19-24|25-36,female,normal|oily,no,"hot and humid (e.g., karachi)|dry and hot",acne|dullness|open pores|redness,mild|moderate
Whipped Body Lotion - Sweet Dreams,Herbal Extracts: Help smooth and revitalize skin.; Algae Complex: Supports skin renewal and hydration.; Argan Oil: Nourishes and softens.; Shea Butter: Maintains moisture and comfort.,Lotion,918.0,Rs.918.00,https://cdn.shopify.com/s/files/1/0977/3495/1226/files/5907747212183_.1jpg_119470ed-15b0-4ed5-afde-abb53ae371aa.jpg?v=1771392817,https://pk.hemaniherbals.com/products/whipped-body-lotion-sweet-dreams,19-24|25-36,female,normal|dry,no,dry and hot,dullness|dryness,mild
Super Charged Face Serum - Hyaluronic,Hyaluronic Acid; deep moisture attraction and retention.; Vitamin C; brightening and antioxidant support.; Plant Extracts; soothe and nourish.,Serum,1450.0,"Rs.1,450.00",https://cdn.shopify.com/s/files/1/0977/3495/1226/files/8859362506079_2_jpg_b0921c78-9d92-48e3-a80d-ec9d6a717502.jpg?v=1771998750,https://pk.hemaniherbals.com/products/super-charged-face-serum-hyaluronic,19-24|25-36,female,normal|dry,no,dry and hot|cold and dry,dullness|hyperpigmentation|wrinkles,mild|moderate
Natural Lip Balm,lip balm; lip care; makeup; natural,Lip Care,290.0,Rs.290.00,https://cdn.shopify.com/s/files/1/0977/3495/1226/files/8964001505396_1_jpg.jpg?v=1771268510,https://pk.hemaniherbals.com/products/natural-lip-balm,14-18|19-24,female,normal|dry,no,dry and hot,dryness|chapping,mild
Herbal Beauty Mask Powder - Ubtan with Saffron,brightening; herbal powder; saffron; skin care; supplement; turmeric; ubtan; wellness,Mask,725.0,Rs.725.00,https://cdn.shopify.com/s/files/1/0977/3495/1226/files/8961102066825_1_jpg.jpg?v=1771267598,https://pk.hemaniherbals.com/products/herbal-beauty-mask-powder-ubtan-with-saffron,19-24|25-36,female,normal|combination,no,dry and hot|cold and dry,dullness|hyperpigmentation|dark spots,mild|moderate
Foaming Face Wash with Lavender & Vitamin C | Aijaz Aslam 150ml,Vitamin C: Helps improve brightness and tone; Lavender Oil: Supports calming and soothing effects; Aloe Vera Extract: Helps hydrate and comfort skin,Face Wash,1665.0,"Rs.1,665.00",https://cdn.shopify.com/s/files/1/0977/3495/1226/files/8961102068942_1_jpg_3d921fd6-2085-4eec-bbe9-f2764cbb5f23.jpg?v=1771267371,https://pk.hemaniherbals.com/products/foaming-face-wash-with-lavender-vitamin-c-aijaz-aslam,19-24|25-36,male|female,normal|combination,no,dry and hot|cold and dry,dullness|redness,mild
CocoaMazing Foaming Face Wash with Cocoa 150ml,150ml; 50ml; brightening; face wash; skin care; vitamin e,Face Wash,1440.0,"Rs.1,440.00",https://cdn.shopify.com/s/files/1/0977/3495/1226/files/8681475382062_1_jpg.jpg?v=1771266907,https://pk.hemaniherbals.com/products/cocoamazing-foaming-face-wash-with-cocoa-150ml,19-24|25-36,female,normal|oily,no,"hot and humid (e.g., karachi)|dry and hot",acne|dullness|open pores|redness,mild|moderate
Naturistic - Organic Argan Oil with Vitamin E,Argan Oil: Helps nourish and soften skin and hair.; Vitamin E: Supports moisture retention and conditioning.,Glow UP,1101.0,"Rs.1,101.00",https://cdn.shopify.com/s/files/1/0977/3495/1226/files/8964001304821_2_jpg.jpg?v=1772095033,https://pk.hemaniherbals.com/products/naturistic-organic-argan-oil-with-vitamin-e,19-24|25-36,female,normal|dry,no,dry and hot|cold and dry,dullness|dryness,mild
Pimple Spot Treatment with Tea Tree 30ml,Tea Tree Oil: Valued for purifying benefits.; Conditioning Agents: Help maintain skin comfort.,Glow UP,1260.0,"Rs.1,260.00",https://cdn.shopify.com/s/files/1/0977/3495/1226/files/8961102060724_2_jpg_461f7f21-07b0-432f-921b-af9d14151dcf.jpg?v=1772005062,https://pk.hemaniherbals.com/products/pimple-spot-treatment-with-tea-tree,14-18|19-24,female,normal|oily,yes,"hot and humid (e.g., karachi)|dry and hot",acne|open pores|whiteheads / blackheads,mild|moderate
Intensive Care Therapy Aloe Vera Cleansing Milk,brightening; face wash; skin care; vitamin e,Face Wash,1890.0,"Rs.1,890.00",https://cdn.shopify.com/s/files/1/0977/3495/1226/files/8964001505457_1_jpg.jpg?v=1771268148,https://pk.hemaniherbals.com/products/intensive-care-therapy-aloe-vera-cleansing-milk,19-24|25-36,female,normal|dry,no,dry and hot,dullness|hyperpigmentation,mild|moderate
Herbal Beauty Mask Powder - Ubtan,brightening; herbal powder; skin care; supplement; turmeric; ubtan; wellness,Mask,725.0,Rs.725.00,https://cdn.shopify.com/s/files/1/0977/3495/1226/files/8961102066801_1_jpg.jpg?v=1771267595,https://pk.hemaniherbals.com/products/herbal-beauty-mask-powder-ubtan,19-24|25-36,female,normal|dry,no,dry and hot,dullness|hyperpigmentation,mild|moderate
Herbal Beauty Mask Powder - Lemon Peel,brightening; herbal powder; lemon; skin care; supplement; wellness,Mask,805.0,Rs.805.00,https://cdn.shopify.com/s/files/1/0977/3495/1226/files/8961102067310_1_jpg.jpg?v=1771267586,https://pk.hemaniherbals.com/products/herbal-beauty-mask-powder-lemon-peel,19-24|25-36,female,normal|combination,no,"hot and humid (e.g., karachi)|dry and hot",dullness|hyperpigmentation|open pores,mild|moderate
Green Apple Lip Balm Chapstick,green apple; lip balm; lip care; makeup; vitamin e,Lip Care,245.0,Rs.245.00,https://cdn.shopify.com/s/files/1/0977/3495/1226/files/8961102066924_1_jpg.jpg?v=1771267483,https://pk.hemaniherbals.com/products/green-apple-lip-balm-chapstick,14-18|19-24,female,normal|dry,no,dry and hot,dullness|redness,mild
Glow Boost - Face Cream with Vitamin C 50ml,Vitamin C: Supports brightness and skin vitality.; Moisturizing Complex: Helps maintain softness.,Cream,1380.0,"Rs.1,380.00",https://cdn.shopify.com/s/files/1/0977/3495/1226/files/glowboostmoisturizingcream2.png?v=1775547438,https://pk.hemaniherbals.com/products/glow-boost-face-cream-with-vitamin-c,19-24|25-36,female,normal|combination,no,dry and hot|cold and dry,dullness|hyperpigmentation,mild|moderate
Age Rewind - Foaming Face Wash with Vitamin C | Aijaz Aslam 150ml,Vitamin C: Helps improve the look of brightness and skin tone.,Face Wash,1725.0,"Rs.1,725.00",https://cdn.shopify.com/s/files/1/0977/3495/1226/files/8964002911585_2_jpg.jpg?v=1771266220,https://pk.hemaniherbals.com/products/age-rewind-foaming-face-wash-with-vitamin-c-aijaz-aslam,19-24|25-36,female,normal|oily,no,"hot and humid (e.g., karachi)|dry and hot",dullness|hyperpigmentation|open pores|wrinkles,mild|moderate
WB No Acne Naturally AHA-BHA Toner 200ml,200ml; aha bha; anti acne; brightening; natural; niacinamide; skin care; toner,Toner,1795.0,"Rs.1,795.00",https://cdn.shopify.com/s/files/1/0977/3495/1226/files/8961102810459_1_jpg_61f4a6c8-3d2a-41e5-a161-3df5461eb71d.jpg?v=1771269799,https://pk.hemaniherbals.com/products/wb-no-acne-naturally-aha-bha-toner-200ml,14-18|19-24,female,normal|oily,no,"hot and humid (e.g., karachi)|dry and hot",acne|open pores|whiteheads / blackheads,mild|moderate
Super Charged Face Serum - Gluta,Glutathione: Antioxidant support that helps brighten the look of skin and reduce the appearance of uneven tone.; Vitamin C: Helps improve radiance and supports a more refreshed; even; looking complexion.; Arbutin: Helps reduce the look of dark spots and promotes a smoother; more uniform skin appearance.,Serum,1450.0,"Rs.1,450.00",https://cdn.shopify.com/s/files/1/0977/3495/1226/files/8859362506055_2_jpg_d2f2cb96-b4f5-4cbf-bf87-4b319d1797ba.jpg?v=1771998806,https://pk.hemaniherbals.com/products/super-charged-face-serum-gluta,19-24|25-36,female,normal|combination,no,"hot and humid (e.g., karachi)|dry and hot",dark spots|dullness|hyperpigmentation,mild|moderate
Pomegranate Lip Balm Chapstick,lip balm; lip care; makeup; pomegranate; vitamin e,Lip Care,245.0,Rs.245.00,https://cdn.shopify.com/s/files/1/0977/3495/1226/files/8961102066962_1_jpg.jpg?v=1771268995,https://pk.hemaniherbals.com/products/pomegranate-lip-balm-chapstick,14-18|19-24,female,normal|dry,no,dry and hot,dullness,mild
Natural Lip Balm Chapstick,lip balm; lip care; makeup; natural; vitamin e,Lip Care,245.0,Rs.245.00,https://cdn.shopify.com/s/files/1/0977/3495/1226/files/8961102066955_1_jpg.jpg?v=1771268519,https://pk.hemaniherbals.com/products/natural-lip-balm-chapstick,14-18|19-24,female,normal|dry,no,dry and hot,dryness|dullness,mild
Coconut Body Butter,Coconut Oil: Supports skin softness and moisture retention,Glow UP,610.0,Rs.610.00,https://cdn.shopify.com/s/files/1/0977/3495/1226/files/8961102063213_1_jpg.jpg?v=1771266909,https://pk.hemaniherbals.com/products/coconut-body-butter,19-24|25-36,female,normal|dry,no,dry and hot,dullness,mild
Naturistic - Shea Butter,Shea Butter: Supports moisture retention and skin softness; Natural antioxidants: Support skin conditioning,Glow UP,924.0,Rs.924.00,https://cdn.shopify.com/s/files/1/0977/3495/1226/files/WhatsAppImage2026-05-05at12.36.02PM.jpg?v=1777966594,https://pk.hemaniherbals.com/products/naturistic-shea-butter,19-24|25-36,female,dry|normal,no,dry and hot,dullness|dryness,mild
Skin Relief Anti Blemish Face Serum 30ml,Niacinamide: Supports balanced skin appearance.; Alpha Arbutin: Commonly used for tone care.; Blueberry Extract: Provides antioxidant support.,Serum,1850.0,"Rs.1,850.00",https://cdn.shopify.com/s/files/1/0977/3495/1226/files/8961102810411_2_jpg_bd4c2b13-fbd2-4d12-b12f-496e9d4b24df.jpg?v=1772000112,https://pk.hemaniherbals.com/products/skin-relief-anti-blemish-face-serum-30ml,19-24|25-36,female,normal|oily,no,"hot and humid (e.g., karachi)|dry and hot",acne|dark spots|hyperpigmentation|open pores|redness,mild|moderate
BananaCha Foaming Face Wash with Organic Banana & Chamomile 150ml,Banana Extract: Supports skin freshness and conditioning.; Chamomile Extract: Helps soothe and calm skin.,Face Wash,1320.0,"Rs.1,320.00",https://cdn.shopify.com/s/files/1/0977/3495/1226/files/8961102069529_1_jpg_5338b585-d472-4d41-893a-2026493aeb76.jpg?v=1781097064,https://pk.hemaniherbals.com/products/bananacha-foaming-face-wash-with-organic-banana-chamomile-150ml,19-24|25-36,female,normal|combination,no,dry and hot,dullness|open pores|redness,mild
Vitamin E & Sakura Face Cream 50ml,Vitamin E: Helps condition and protect skin.; Sakura Extract: Supports brightness and smoothness.; Grape Seed Extract: Helps maintain softness and hydration.,Cream,1265.0,"Rs.1,265.00",https://cdn.shopify.com/s/files/1/0977/3495/1226/files/8681475384967_2_jpg.jpg?v=1771995474,https://pk.hemaniherbals.com/products/vitamin-e-sakura-face-cream-50ml,19-24|25-36,female,normal|dry,no,dry and hot|cold and dry,dullness|wrinkles,mild|moderate
Skin Relief Icy Gel 200ml,Aloe Vera Extract: Supports cooling and skin comfort.; Panthenol: Helps maintain skin moisture.; Gel Base: Allows fast absorption.,Gel,1705.0,"Rs.1,705.00",https://cdn.shopify.com/s/files/1/0977/3495/1226/files/8961102810480_1_jpg_0c17a0fb-bd44-451b-9019-03c2aaa896fd.jpg?v=1771269425,https://pk.hemaniherbals.com/products/skin-relief-icy-gel-200ml,19-24|25-36,female,normal|dry,no,dry and hot,dullness|redness,mild|moderate
Natural Whitening Solutions 3 In 1 Cleanser+Scrub+Mask 100ml,Exfoliating Agents: Help remove dead skin cells.; Cleansing Base: Removes dirt and oil.; Moisturizing Elements: Support skin comfort.,Face Wash,1850.0,"Rs.1,850.00",https://cdn.shopify.com/s/files/1/0977/3495/1226/files/WhatsApp_Image_2026-04-02_at_8.07.14_AM.jpg?v=1775107496,https://pk.hemaniherbals.com/products/natural-whitening-solutions-3-in-1-cleanser-scrub-mask,19-24|25-36,female,normal|oily,no,"hot and humid (e.g., karachi)|dry and hot",acne|dullness|hyperpigmentation|open pores|whiteheads / blackheads,mild|moderate
Honeydew Purifying Face Mask 100ml,Propolis: Soothes; protects; and calms the skin.; Honey: Hydrates and enhances natural complexion.; Ceramides: Strengthen skin barrier for improved elasticity.,Mask,1790.0,"Rs.1,790.00",https://cdn.shopify.com/s/files/1/0977/3495/1226/files/8961103141224_1_jpg.jpg?v=1771268071,https://pk.hemaniherbals.com/products/honeydew-purifying-face-mask,14-18|19-24|25-36,female,normal|dry,no,dry and hot|cold and dry,dullness|hyperpigmentation|redness,mild|moderate
Glow Bright Foaming Face Wash with Argan & Vitamin C 150ml,Argan Oil; Hydrates and helps maintain skin moisture; Vitamin C; Brightens and supports even skin tone; Gentle Foaming Agents; Help cleanse without irritation,Face Wash,1370.0,"Rs.1,370.00",https://cdn.shopify.com/s/files/1/0977/3495/1226/files/8961102814174_1_jpg.jpg?v=1771267445,https://pk.hemaniherbals.com/products/glow-bright-foaming-face-wash-with-argan-vitamin-c-150ml,14-18|19-24|25-36,female,normal|combination,no,dry and hot|cold and dry,dullness|hyperpigmentation,mild|moderate
Citrus Lip Balm Chapstick,citrus; lip balm; lip care; makeup; vitamin e,Lip Care,245.0,Rs.245.00,https://cdn.shopify.com/s/files/1/0977/3495/1226/files/8961102066931_1_jpg.jpg?v=1771266883,https://pk.hemaniherbals.com/products/citrus-lip-balm-chapstick,14-18|19-24,female,normal|dry,no,dry and hot,dryness|chapping,mild
Body Food - Body Milk with Coconut | AO Beauty,Coconut Oil: Deeply nourishes and softens skin.; Rosehip Oil: Supports skin elasticity and tone.; Honey Extract: Helps maintain smoothness and luminosity.; Shea Butter: Provides deep moisture and comfort.; Platinum Flakes: Support skin vitality and brightness.,Glow UP,1563.0,"Rs.1,563.00",https://cdn.shopify.com/s/files/1/0977/3495/1226/files/8964002913503_1_jpg_544c2a5e-c0ae-4d86-94e8-0578a1f4b67b.jpg?v=1771266775,https://pk.hemaniherbals.com/products/body-food-body-milk-with-coconut-ao-beauty,19-24|25-36,female,normal|dry,no,dry and hot,dullness|dryness,mild
Whipped Body Lotion - Soft Touch,Vitamin Complex: Supports skin nourishment and vitality.; Argan Oil: Helps improve elasticity and smoothness.; Shea Butter: Provides long; lasting hydration.; Cocoa Butter: Conditions and softens skin texture.,Lotion,1530.0,"Rs.1,530.00",https://cdn.shopify.com/s/files/1/0977/3495/1226/files/5907747212190_.1jpg_1bee8fbe-89c4-402b-a103-0a994018209a.jpg?v=1771326894,https://pk.hemaniherbals.com/products/whipped-body-lotion-soft-touch,19-24|25-36,female,normal|dry,no,dry and hot,dullness|wrinkles,mild|moderate
Toned - Calming Toner with Bulgarian Rose Water | AO Beauty,Bulgarian Rose Water: Helps soothe and refresh; Neem Extract: Supports balanced skin condition; Green Tea Extract: Helps protect skin appearance; Witch Hazel: Helps refine skin texture,Toner,858.0,Rs.858.00,https://cdn.shopify.com/s/files/1/0977/3495/1226/files/8964002913497_1_jpg_9cfe51f5-e27d-4c8e-8d9b-e14e81dfff25.jpg?v=1771269629,https://pk.hemaniherbals.com/products/toned-calming-toner-with-bulgarian-rose-water-ao-beauty,14-18|19-24|25-36,female,normal|combination,no,dry and hot|cold and dry,acne|dullness|open pores|redness,mild|moderate
Sylver - Face Cream with Silver Flakes & Gold | Aijaz Aslam,Organic Argan Oil: Nourishes and softens skin; Rosehip Oil: Supports smoother texture; Sandalwood: Helps tone and refine; Silver Flakes & Gold Extract: Promote a radiant finish,Cream,3565.0,"Rs.3,565.00",https://cdn.shopify.com/s/files/1/0977/3495/1226/files/8961102068898_2_jpg_a758251f-13ca-40f3-8dc8-23127ce506aa.jpg?v=1771997865,https://pk.hemaniherbals.com/products/sylver-face-cream-with-silver-flakes-gold-aijaz-aslam,19-24|25-36,female,normal|dry,no,dry and hot|cold and dry,dullness|hyperpigmentation|wrinkles,mild|moderate
Super Charged Face Serum - Tea Tree Oil,Tea Tree Oil: Supports clearer; looking skin and helps control excess oil.; Herbal Extracts: Help calm and refresh the skin surface.; Hydrating Actives: Maintain moisture for a smooth; balanced skin feel.,Serum,1450.0,"Rs.1,450.00",https://cdn.shopify.com/s/files/1/0977/3495/1226/files/8859362506062_2_jpg_0ce8e82a-68f0-4bf8-a8ee-5742d3de3aae.jpg?v=1771998699,https://pk.hemaniherbals.com/products/super-charged-face-serum-tea-tree-oil,19-24|25-36,female,normal|oily,no,"hot and humid (e.g., karachi)|dry and hot",acne|open pores|redness,mild|moderate
Smooth & Supple Face & Body Lotion with Almond,Almond Oil: Supports skin softness and moisture retention,Lotion,275.0,Rs.275.00,https://cdn.shopify.com/s/files/1/0977/3495/1226/files/8964001507260_1_jpg_3c65f64c-4d29-48b2-8b9f-35bbd08fc74b.jpg?v=1771269464,https://pk.hemaniherbals.com/products/smooth-supple-face-body-lotion-with-almond,19-24|25-36,female,normal|dry,no,dry and hot,dullness|dryness,mild
Skin Repair Foam Moisturizing Cream 120ml,Aloe Vera: Soothes and hydrates stressed skin; Zanthalene: Helps reduce discomfort sensations; Corn Starch: Adds a silky; breathable finish,Cream,1705.0,"Rs.1,705.00",https://cdn.shopify.com/s/files/1/0977/3495/1226/files/8961102061028_1_jpg_bc570670-d788-4ef8-a071-4d52a2f0da0d.jpg?v=1771269426,https://pk.hemaniherbals.com/products/skin-repair-foam-moisturizing-cream-120ml,19-24|25-36,female,normal|dry,no,dry and hot|cold and dry,dullness|redness,mild|moderate
Rice in Youth Foaming Face Wash with Rice Bran Oil 150ml,150ml; 50ml; brightening; face wash; rice bran oil; skin care,Face Wash,1950.0,"Rs.1,950.00",https://cdn.shopify.com/s/files/1/0977/3495/1226/files/8681475382000_1_jpg.jpg?v=1771269131,https://pk.hemaniherbals.com/products/rice-in-youth-foaming-face-wash-with-rice-bran-oil-150ml,19-24|25-36,female,normal|combination,no,dry and hot,dullness|hyperpigmentation,mild|moderate
Rice in Youth - Face Serum with Rice Bran Oil 30ml,brightening; rice bran oil; serum; skin care,Serum,1655.0,"Rs.1,655.00",https://cdn.shopify.com/s/files/1/0977/3495/1226/files/8681475382024_2_jpg.jpg?v=1772091261,https://pk.hemaniherbals.com/products/rice-in-youth-face-serum-with-rice-bran-oil,19-24|25-36,female,normal|combination,no,dry and hot|cold and dry,dullness|hyperpigmentation,mild|moderate
Hydrate & Glow Face Gel With Argan & Vitamin C 150gm,Argan Oil; Nourishes dry skin and helps reduce inflammation; Vitamin C; Hydrates; brightens; and helps diminish hyperpigmentation; Aloe Vera; Soothes and moisturizes for balanced skin comfort,Gel,1830.0,"Rs.1,830.00",https://cdn.shopify.com/s/files/1/0977/3495/1226/files/8961102814198_1_jpg.jpg?v=1771268082,https://pk.hemaniherbals.com/products/hydrate-glow-face-gel-with-argan-vitamin-c-150gm,19-24|25-36,female,normal|dry|combination,no,dry and hot|cold and dry,dullness|hyperpigmentation,mild|moderate
Honeydew Moisturizing Face Cream 50ml,Honey for hydration and soothing antioxidant support.; Propolis to help calm and protect skin.; Ceramides to help retain moisture and strengthen the skin barrier.,Cream,2760.0,"Rs.2,760.00",https://cdn.shopify.com/s/files/1/0977/3495/1226/files/8961102819339_3_jpg_d81395fc-1cbd-4c1c-8d09-35b76f79a281.jpg?v=1772099507,https://pk.hemaniherbals.com/products/honeydew-moisturizing-face-cream-50ml,19-24|25-36,female,normal|dry,no,dry and hot,dullness|wrinkles,mild|moderate
Cooling Aloe Vera & Cucumber Face Mist 120ml,Aloe Vera for soothing and cooling.; Cucumber Extract for refreshing hydration.; Hyaluronic Acid for moisture retention.,Face Mist,1370.0,"Rs.1,370.00",https://cdn.shopify.com/s/files/1/0977/3495/1226/files/8961102815638_1_jpg.jpg?v=1771266943,https://pk.hemaniherbals.com/products/cooling-aloe-vera-cucumber-face-mist-120ml,14-18|19-24|25-36,female,normal|dry|combination,no,"hot and humid (e.g., karachi)|dry and hot",dullness|redness,mild
Chamomile Lip Balm Chapstick,chamomile; lip balm; lip care; makeup; vitamin e,Lip Care,245.0,Rs.245.00,https://cdn.shopify.com/s/files/1/0977/3495/1226/files/8961102066948_1_jpg.jpg?v=1771266848,https://pk.hemaniherbals.com/products/chamomile-lip-balm-chapstick,14-18|19-24,female,normal|dry,no,dry and hot,dryness|chapped lips,mild
Rice in Youth - Face Cream with Rice Bran Oil,brightening; moisturizer; rice bran oil; skin care,Cream,1650.0,"Rs.1,650.00",https://cdn.shopify.com/s/files/1/0977/3495/1226/files/riceinyouth.webp?v=1775734042,https://pk.hemaniherbals.com/products/rice-in-youth-face-cream-with-rice-bran-oil,19-24|25-36,female,normal|dry,no,dry and hot|cold and dry,dullness|hyperpigmentation,mild|moderate
Snail Cream 80g,,Cream,720.0,Rs.720.00,https://cdn.shopify.com/s/files/1/0977/3495/1226/files/8964001303961_3_jpg.jpg?v=1771999468,https://pk.hemaniherbals.com/products/snail-cream,19-24|25-36,female,normal|combination,no,dry and hot|cold and dry,dullness|hyperpigmentation|open pores|wrinkles,mild|moderate
Real Gold - Face Lotion with SPF 25 & 24K Gold Flakes,24K Gold Flakes: Contribute to a radiant finish.; Humectants: Help attract and retain moisture.; Emollients: Assist in maintaining smooth skin.,Lotion,3185.0,"Rs.3,185.00",https://cdn.shopify.com/s/files/1/0977/3495/1226/files/8964001506249_2_jpg_f0b7a94f-8d87-484a-b6e9-5dfe0084ae3f.jpg?v=1772002650,https://pk.hemaniherbals.com/products/real-gold-face-lotion-with-spf-25-24k-gold-flakes,19-24|25-36,female,normal|combination,no,dry and hot,dullness|sun tan,mild|moderate
Night Mode - Face Serum with Lavender & Platinum Flakes | AO Beauty 30ml,Lavender Oil: Calms skin and supports overnight renewal.; Rosehip Oil: Boosts hydration and collagen support.; Evening Primrose Oil: Enhances elasticity and skin texture.; Platinum Flakes: Help protect against signs of aging and dullness.,Serum,1755.0,"Rs.1,755.00",https://cdn.shopify.com/s/files/1/0977/3495/1226/files/8964002913435_2_jpg_ff307590-043f-47c5-ae9f-c82d9eb01829.jpg?v=1772094050,https://pk.hemaniherbals.com/products/night-mode-face-serum-with-lavender-platinum-flakes-ao-beauty,19-24|25-36,female,normal|dry,no,dry and hot,dullness|wrinkles,mild|moderate
Naturistic - Freckle Oil,Vitamin A: Supports skin renewal appearance.; Vitamin E: Helps maintain skin conditioning.; Botanical Oils: Assist in hydration support.,Glow UP,1250.0,"Rs.1,250.00",https://cdn.shopify.com/s/files/1/0977/3495/1226/files/8964001304814_2_jpg.jpg?v=1772095899,https://pk.hemaniherbals.com/products/naturistic-freckle-oil,19-24|25-36,female,normal|combination,no,dry and hot,dullness|hyperpigmentation,mild|moderate
Lip Scrub - Vitamin E,Vitamin E: Antioxidant that deeply conditions and helps soothe dry; chapped lips.; Natural Exfoliants: Gently remove dead skin to reveal softer lip texture.; Moisturizing Emollients: Help maintain hydration and smooth feel.,Scrub,690.0,Rs.690.00,https://cdn.shopify.com/s/files/1/0977/3495/1226/files/8859362503351_1_jpg_2ec975e7-82d0-49d0-93d5-82c15b83b070.jpg?v=1771268296,https://pk.hemaniherbals.com/products/lip-scrub-vitamin-e,14-18|19-24,female,normal|dry,no,dry and hot,dullness,mild
Honeydew Glow Elixir 30ml,Honey & Propolis for soothing and antibacterial action.; Ceramides to support hydration and skin barrier.; Salicylic Acid for gentle exfoliation and clearer skin.,Glow UP,2060.0,"Rs.2,060.00",https://cdn.shopify.com/s/files/1/0977/3495/1226/files/8961102819315_2_jpg_d7b50eb6-e9ab-43e4-8ba3-9b32607186eb.jpg?v=1772099051,https://pk.hemaniherbals.com/products/honeydew-glow-elixir-30ml,19-24|25-36,female,normal|combination,no,dry and hot,acne|dullness|open pores|redness,mild|moderate
Coconuty Allure - Face Cream,Coconut Components: Support skin nourishment.; Moisturizing Complex: Helps maintain softness.,Cream,1350.0,"Rs.1,350.00",https://cdn.shopify.com/s/files/1/0977/3495/1226/files/5907747209688_1_jpg_a0739f44-aa23-47a0-b80e-10841c8b8039.jpg?v=1771266932,https://pk.hemaniherbals.com/products/coconuty-allure-face-cream,19-24|25-36,female,normal|dry,no,dry and hot,dullness|dryness,mild
Char Glow Face Mask 100ml,Activated Charcoal: Draws out toxins; oil; and impurities.; Salicylic Acid: Helps exfoliate and clear pores.; Natural Skin Clarifiers: Support smoother; brighter complexion.,Mask,2060.0,"Rs.2,060.00",https://cdn.shopify.com/s/files/1/0977/3495/1226/files/8961102819414_1_jpg.jpg?v=1771266853,https://pk.hemaniherbals.com/products/char-glow-face-mask-100ml,19-24|25-36,female,normal|oily|combination,no,"hot and humid (e.g., karachi)|dry and hot",acne|open pores|whiteheads / blackheads,mild|moderate
Age Rewind Face Cream with Vitamin C | Aijaz Aslam,Vitamin C: Helps brighten skin and improve tone; Hyaluronic Acid: Supports hydration and plumping; Moisturizing Base: Helps maintain softness and comfort,Cream,2435.0,"Rs.2,435.00",https://cdn.shopify.com/s/files/1/0977/3495/1226/files/8964002911608_2_jpg.jpg?v=1781089241,https://pk.hemaniherbals.com/products/age-rewind-face-cream-with-vitamin-c-aijaz-aslam,25-36|37-45|45+,female,normal|dry,no,dry and hot|cold and dry,dullness|wrinkles,mild|moderate
Oh So Flawless BB Cream - MEDIUM,bb cream; dark spot; makeup; oh so flawless; skin care; sun protection; sunblock,Cream,955.0,Rs.955.00,https://cdn.shopify.com/s/files/1/0977/3495/1226/files/ohsoflawlessbbcreammedium.jpg?v=1774867537,https://pk.hemaniherbals.com/products/oh-so-flawless-bb-cream-medium,19-24|25-36,female,normal|combination,no,"hot and humid (e.g., karachi)|dry and hot",dark spots|dullness|hyperpigmentation|sun tan,mild|moderate
Vitamin B Complex Foaming Face Wash,Vitamin B3: Supports tone and texture appearance.; Vitamin B5: Helps maintain hydration balance.; Rice Bran Oil: Helps soothe and condition skin.; Rose Oil: Helps refresh and refine skin feel.,Face Wash,1830.0,"Rs.1,830.00",https://cdn.shopify.com/s/files/1/0977/3495/1226/files/8681475384295_1_jpg.jpg?v=1771269729,https://pk.hemaniherbals.com/products/vitamin-b-complex-foaming-face-wash,19-24|25-36,female,normal|combination,no,dry and hot,dullness|hyperpigmentation|open pores|redness,mild|moderate
Under Eye Dark Shadow & Puffiness Cream,Hydrating Agents: Help draw moisture into the skin for a plumper; smoother appearance.; Vitamin; Enriched Formula: Supports brighter; looking skin and antioxidant care.; Natural Extracts: Help soothe the delicate under; eye area and reduce the look of puffiness.,Cream,2285.0,"Rs.2,285.00",https://cdn.shopify.com/s/files/1/0977/3495/1226/files/8681475384707_3_jpg.jpg?v=1771996303,https://pk.hemaniherbals.com/products/under-eye-dark-shadow-puffiness-cream,19-24|25-36,female,normal|combination,no,dry and hot|cold and dry,dark circles|dullness|puffiness,mild|moderate
"Sylver - Face Mist with Hyaluronic Acid, Silver Flakes & Gold | Aijaz Aslam 50ml",Hyaluronic Acid: Supports hydration and plumping; Silver Flakes: Contributes to skin revitalization; Gold Extract: Helps promote a luminous finish; Botanical Oils: Support softness and comfort,Face Mist,1665.0,"Rs.1,665.00",https://cdn.shopify.com/s/files/1/0977/3495/1226/files/8961102068904_2_jpg_8f653d21-e02d-41fd-ba95-3954ca3f4503.jpg?v=1771998602,https://pk.hemaniherbals.com/products/sylver-face-mist-with-hyaluronic-acid-silver-flakes-gold-aijaz-aslam,19-24|25-36,female,normal|combination,no,dry and hot,dullness|hyperpigmentation|open pores|redness,mild|moderate
Soothing Aloe Vera Shower Gel 500ml,500ml; aloe vera; body care; body wash; shower gel; soothing,Gel,2290.0,"Rs.2,290.00",https://cdn.shopify.com/s/files/1/0977/3495/1226/files/1--Soothing-Aloe-Vera.jpg?v=1772431789,https://pk.hemaniherbals.com/products/soothing-aloe-vera-shower-gel-500ml,14-18|19-24,female,normal|dry,yes,dry and hot,dullness|redness,mild
Skin Glow Foam Moisturizing Cream 120ml,Vitamin C: Helps support brightness; Licorice Extract: Helps improve skin tone,Cream,1705.0,"Rs.1,705.00",https://cdn.shopify.com/s/files/1/0977/3495/1226/files/8961102061011_1_jpg_bcf2347b-a792-440a-b56b-6f93e96a74f5.jpg?v=1771269415,https://pk.hemaniherbals.com/products/skin-glow-foam-moisturizing-cream-120ml,19-24|25-36,female,normal|combination,no,dry and hot,dullness|hyperpigmentation,mild|moderate
Shea Body Butter 50ml,Shea Butter: Supports moisture retention and skin softness,Glow UP,610.0,Rs.610.00,https://cdn.shopify.com/s/files/1/0977/3495/1226/files/SheaBodyButter.png?v=1772778946,https://pk.hemaniherbals.com/products/shea-body-butter,19-24|25-36,female,normal|dry,no,dry and hot|cold and dry,dullness|dryness,mild
Real Gold - Face Serum with 24K Gold Flakes 35ml,24K Gold: Supports renewal and visible glow; Emollients: Smooth skin texture; Humectants: Help retain moisture,Serum,3855.0,"Rs.3,855.00",https://cdn.shopify.com/s/files/1/0977/3495/1226/files/8964001506225_3_jpg_23ecbbe5-6c40-4c6d-94b6-fd4904a5661f.jpg?v=1772002513,https://pk.hemaniherbals.com/products/real-gold-face-serum-with-24k-gold-flakes,19-24|25-36,female,normal|combination,no,dry and hot|cold and dry,dullness|hyperpigmentation|wrinkles,mild|moderate
Real Gold - Face Cream with 24K Gold Flakes,24K Gold Flakes: Contribute to a luminous finish.; Rosehip Oil: Supports skin conditioning and smoothness.; Botanical Extracts: Help maintain skin comfort.,Cream,4320.0,"Rs.4,320.00",https://cdn.shopify.com/s/files/1/0977/3495/1226/files/8964001506232_2_jpg_deb349a9-32c8-43b9-a509-1ccb7f260139.jpg?v=1772002705,https://pk.hemaniherbals.com/products/real-gold-face-cream-with-24k-gold-flakes,19-24|25-36,female,normal|combination,no,dry and hot|cold and dry,dullness|hyperpigmentation,mild|moderate
Oil Control - Face Mist,Botanical Extracts: Support skin freshness.; Hydrating Agents: Help maintain comfort.,Face Mist,1410.0,"Rs.1,410.00",https://cdn.shopify.com/s/files/1/0977/3495/1226/files/5907747209565_1_jpg_05607af5-a757-459a-921f-5fafb05a4b5e.jpg?v=1771268671,https://pk.hemaniherbals.com/products/oil-control-face-mist,14-18|19-24,female,normal|oily,no,"hot and humid (e.g., karachi)|dry and hot",acne|open pores|oily skin,mild
No Acne Naturally - Face Serum with Tea Tree 30ml,Tea Tree Oil: Helps purify and refresh blemish; prone skin.,Serum,1440.0,"Rs.1,440.00",https://cdn.shopify.com/s/files/1/0977/3495/1226/files/8681475384875_2_jpg.jpg?v=1772093250,https://pk.hemaniherbals.com/products/no-acne-naturally-face-serum-with-tea-tree,14-18|19-24,female,oily|combination,yes,"hot and humid (e.g., karachi)|dry and hot",acne|open pores|redness,mild|moderate
Musk Aswad Perfume Hand Cream 50ml,Argan oil; Aloe vera; Shea butter,Cream,1320.0,"Rs.1,320.00",https://cdn.shopify.com/s/files/1/0977/3495/1226/files/8961102810381_2_jpg_dc200eca-d824-4de8-ad63-b7a46315abe8.jpg?v=1772096642,https://pk.hemaniherbals.com/products/musk-aswad-perfume-hand-cream,19-24|25-36,female,normal|dry,no,dry and hot,dryness|dullness,mild
Manuka Honey - Body Milk,Manuka Honey: Valued for conditioning properties.; Moisturizing Complex: Supports hydration retention.,Glow UP,1860.0,"Rs.1,860.00",https://cdn.shopify.com/s/files/1/0977/3495/1226/files/5907747209596.jpg?v=1771396134,https://pk.hemaniherbals.com/products/manuka-honey-body-milk,19-24|25-36,female,normal|dry,no,dry and hot,dullness|dryness,mild
Lip Scrub - Peppermint,Peppermint Oil: Provides a refreshing cooling sensation while revitalizing lips.; Natural Exfoliants: Help remove dead; flaky skin for a smoother texture.; Moisturizing Emollients: Support hydration and help maintain softness.,Scrub,690.0,Rs.690.00,https://cdn.shopify.com/s/files/1/0977/3495/1226/files/8859362503344_2_jpg_8bfb6649-5d73-4349-be98-9104f2c61fc2.jpg?v=1772098225,https://pk.hemaniherbals.com/products/lip-scrub-peppermint,14-18|19-24|25-36,female,normal|dry,no,dry and hot,dullness,mild
Glowing Rose Face Mist 120ml,Rose Extract for a radiant finish.; Hyaluronic Acid for deep hydration.; Natural botanical extracts to soothe and refresh.,Face Mist,1370.0,"Rs.1,370.00",https://cdn.shopify.com/s/files/1/0977/3495/1226/files/8961102815645_1_jpg.jpg?v=1771267445,https://pk.hemaniherbals.com/products/glowing-rose-face-mist-120ml,14-18|19-24,female,normal|combination,no,"hot and humid (e.g., karachi)|dry and hot",dullness|hyperpigmentation,mild|moderate
Dead Sea Divine Charcoal Body Scrub 325gm,Activated Charcoal; Dead Sea Salt; Bearberry Extract; Chamomile; Vitamin E; Aloe Vera,Scrub,3825.0,"Rs.3,825.00",https://cdn.shopify.com/s/files/1/0977/3495/1226/files/6253346814150_1_jpg_07dc903c-228a-4713-8d39-0750ffd47d39.jpg?v=1771266994,https://pk.hemaniherbals.com/products/dead-sea-divine-charcoal-body-scrub-325gm,19-24|25-36,female,normal|oily,no,"hot and humid (e.g., karachi)|dry and hot",acne|open pores|dullness,mild|moderate
Daily Comfort Foam Moisturizing Cream 120ml,Aloe Vera: Soothes and hydrates stressed skin; Zanthalene: Helps reduce discomfort sensations; Corn Starch: Adds a silky; breathable finish,Cream,1705.0,"Rs.1,705.00",https://cdn.shopify.com/s/files/1/0977/3495/1226/files/8961102061004_1_jpg_0ee5b5e7-5a7e-4f23-89ec-4e2968d4027d.jpg?v=1771266980,https://pk.hemaniherbals.com/products/daily-comfort-foam-moisturizing-cream-120ml,19-24|25-36,female,normal|dry,no,dry and hot,dullness|redness,mild|moderate
Anti Acne Foam Moisturizing Cream 120ml,Tea Tree: Supports acne control; Neem: Helps clarify uneven skin; Hyaluronic Acid: Boosts hydration and elasticity; Corn Starch: Creates a soft; matte feel,Cream,1705.0,"Rs.1,705.00",https://cdn.shopify.com/s/files/1/0977/3495/1226/files/8961102060991_1_jpg_2edecd34-f995-4037-9fda-6b2ad7212f5b.jpg?v=1781091017,https://pk.hemaniherbals.com/products/anti-acne-foam-moisturizing-cream-120ml,14-18|19-24,female,oily|combination,no,"hot and humid (e.g., karachi)|dry and hot",acne|open pores|whiteheads / blackheads,mild|moderate
Sylver Night Face Serum Anti-Aging | Aijaz Aslam,Vitamin C: Supports brightness and tone; Organic Argan Oil: Nourishes and conditions; Rosehip Oil: Helps smooth and soften; Silver Flakes & Gold Extract: Contribute to revitalized look,Serum,2820.0,"Rs.2,820.00",https://cdn.shopify.com/s/files/1/0977/3495/1226/files/Sylver-NightFaceSerumwithSilverFlakes_GoldAijazAslam_45107618-8b16-46f0-8a16-1d9de88863ce.jpg?v=1781090531,https://pk.hemaniherbals.com/products/sylver-night-face-serum-anti-aging,19-24|25-36|37-45|45+,male|female,normal|combination,no,dry and hot|cold and dry,dullness|wrinkles,mild|moderate
Coconuty Allure - Face Wash,Coconut Components: Support skin conditioning.; Gentle Cleansers: Help lift impurities.,Face Wash,522.0,Rs.522.00,https://cdn.shopify.com/s/files/1/0977/3495/1226/files/5907747209695_1_jpg_b1fcf55f-d885-4451-9667-d7f7366d1b3c.jpg?v=1771266935,https://pk.hemaniherbals.com/products/coconuty-allure-face-wash,14-18|19-24,female,normal|oily,no,"hot and humid (e.g., karachi)|dry and hot",acne|open pores,mild
WB Ozonated Olive Oil Cream with Shea Butter & Niacinamide 50ml,50ml; cooking; olive oil; wellness,Cream,840.0,Rs.840.00,https://cdn.shopify.com/s/files/1/0977/3495/1226/files/8961102810503c_1_jpg_067726c9-f4c9-4bb3-af19-f691e3117e9c.jpg?v=1772091158,https://pk.hemaniherbals.com/products/wb-ozonated-olive-oil-cream-with-shea-butter-niacinamide-50ml,19-24|25-36,female,normal|dry,no,dry and hot,dullness|hyperpigmentation|redness,mild|moderate
WB Under Eye Serum,argan oil; brightening; eye serum; serum; skin care,Serum,1098.0,"Rs.1,098.00",https://cdn.shopify.com/s/files/1/0977/3495/1226/files/8681475384684_2_jpg.jpg?v=1772091079,https://pk.hemaniherbals.com/products/wb-under-eye-serum,19-24|25-36,female,normal|combination,no,dry and hot,dark circles|dullness|hyperpigmentation|wrinkles,mild|moderate
WB Ozonated Olive Oil with Vitamin E 30ml,30ml; cooking; olive oil; wellness,Glow UP,1159.0,"Rs.1,159.00",https://cdn.shopify.com/s/files/1/0977/3495/1226/files/8961102810497_2_jpg_865874b4-52b6-48e2-97d4-2391967db638.jpg?v=1772091121,https://pk.hemaniherbals.com/products/wb-ozonated-olive-oil-with-vitamin-e-30ml,19-24|25-36,female,normal|dry,no,dry and hot,dullness|hyperpigmentation,mild|moderate
Vitamin E & Sakura Foaming Face Wash 150ml,Vitamin E: Supports skin conditioning.; Sakura Extract: Helps refresh and improve tone appearance.,Face Wash,1265.0,"Rs.1,265.00",https://cdn.shopify.com/s/files/1/0977/3495/1226/files/8681475384974_1_jpg.jpg?v=1771269733,https://pk.hemaniherbals.com/products/vitamin-e-sakura-foaming-face-wash-150ml,19-24|25-36,female,normal|combination,no,dry and hot|cold and dry,dullness|hyperpigmentation|open pores|redness,mild|moderate
Vitamin E & Sakura Face Serum 30ml,Vitamin E: Helps condition and protect skin.; Sakura Extract: Helps refresh and improve tone appearance.,Serum,1400.0,"Rs.1,400.00",https://cdn.shopify.com/s/files/1/0977/3495/1226/files/8681475384950_2_jpg.jpg?v=1771995421,https://pk.hemaniherbals.com/products/vitamin-e-sakura-face-serum-30ml,19-24|25-36,female,normal|combination,no,dry and hot|cold and dry,dullness|hyperpigmentation,mild|moderate
Vitamin B Complex Face Serum 30ml,Vitamin B3: Supports brightness and tone appearance.; Vitamin B5: Helps hydrate and condition skin.; Rice Bran Oil: Helps smooth and soften texture.,Serum,1400.0,"Rs.1,400.00",https://cdn.shopify.com/s/files/1/0977/3495/1226/files/8681475384271_2_jpg.jpg?v=1771395710,https://pk.hemaniherbals.com/products/vitamin-b-complex-face-serum-30ml,19-24|25-36,female,normal|combination,no,dry and hot|cold and dry,dullness|hyperpigmentation,mild|moderate
Vitamin B Complex Face Cream 50ml,Vitamin B3: Supports tone and texture appearance.; Vitamin B5: Helps maintain hydration balance.; Rice Bran Oil: Helps nourish and soothe skin.; Shea Butter: Helps soften and condition.,Cream,1265.0,"Rs.1,265.00",https://cdn.shopify.com/s/files/1/0977/3495/1226/files/VitaminBComplexFaceCream50ml_1.jpg?v=1771998262,https://pk.hemaniherbals.com/products/vitamin-b-complex-face-cream-50ml,19-24|25-36|37-45,female,normal|dry,no,dry and hot|cold and dry,dullness|hyperpigmentation,mild|moderate
URBAN SHIELD Anti Pollution Peel Off Face Mask,Detoxifying and hydrating actives,Mask,1210.0,"Rs.1,210.00",https://cdn.shopify.com/s/files/1/0977/3495/1226/files/8964001507536_1_jpg_26fc55e3-027e-418d-b135-656965914e30.jpg?v=1771269670,https://pk.hemaniherbals.com/products/urban-shield-anti-pollution-peel-off-face-mask,19-24|25-36,female,normal|combination,no,"hot and humid (e.g., karachi)|dry and hot",acne|dullness|open pores|redness,mild|moderate
URBAN SHIELD Anti Pollution Face Cream,Hydrating and protective actives,Cream,1260.0,"Rs.1,260.00",https://cdn.shopify.com/s/files/1/0977/3495/1226/files/8964001507550_3_jpg_306ae1aa-b78e-458a-b03c-62d4d248c6a7.jpg?v=1771393845,https://pk.hemaniherbals.com/products/urban-shield-anti-pollution-face-cream,19-24|25-36,female,normal|combination,no,"hot and humid (e.g., karachi)|dry and hot",acne|dullness|hyperpigmentation|open pores|redness,mild|moderate
URBAN SHIELD Anti Pollution - 2in1 Face Wash & Face Scrub 100ml,anti pollution; brightening; face scrub; face wash; skin care,Face Wash,890.0,Rs.890.00,https://cdn.shopify.com/s/files/1/0977/3495/1226/files/8964001507543_1_jpg_4a8e0870-cee9-471a-bc58-03cdff3cb9b2.jpg?v=1771269665,https://pk.hemaniherbals.com/products/urban-shield-anti-pollution-2in1-face-wash-face-scrub,19-24|25-36,female,normal|oily|combination,no,"hot and humid (e.g., karachi)|dry and hot",acne|dark spots|dullness|hyperpigmentation|open pores|redness,mild|moderate
Tomato - Skin Moisturizing Gel 60ml,/ Fragrance Notes; Tomato extract; glycerin; soothing agents,Gel,950.0,Rs.950.00,https://cdn.shopify.com/s/files/1/0977/3495/1226/files/Tomato-SkinMoisturizingGel.png?v=1771998010,https://pk.hemaniherbals.com/products/tomato-skin-moisturizing-gel,19-24|25-36,female,normal|dry,no,dry and hot,dullness|dryness,mild
Strawberry Lip Balm,lip balm; lip care; makeup; strawberry,Lip Care,290.0,Rs.290.00,https://cdn.shopify.com/s/files/1/0977/3495/1226/files/strawberrylipbalm.jpg?v=1772264757,https://pk.hemaniherbals.com/products/strawberry-lip-balm,14-18|19-24,female,normal|dry,no,dry and hot,dullness,mild
Skin Relief Body Serum 200ml,Aloe Vera: Supports skin comfort.; Calendula: Commonly used in calming formulas.; Pro; Vitamin B5: Helps maintain hydration.,Serum,2250.0,"Rs.2,250.00",https://cdn.shopify.com/s/files/1/0977/3495/1226/files/8961102810473_1_jpg_3914ad87-b3cc-42e9-af0a-997cf617e4bf.jpg?v=1771269422,https://pk.hemaniherbals.com/products/skin-relief-body-serum-200ml,19-24|25-36,female,normal|dry,yes,dry and hot|cold and dry,dullness|redness,mild|moderate
Skin Relief Anti Blemish Toner 200ml,Glycolic Acid: Exfoliates dead skin cells and promotes radiance.; Mulberry Extract: Helps brighten and even out skin tone.; Antioxidants: Support skin protection and overall complexion health.,Toner,2290.0,"Rs.2,290.00",https://cdn.shopify.com/s/files/1/0977/3495/1226/files/8961103141255_1_jpg.jpg?v=1771269420,https://pk.hemaniherbals.com/products/skin-relief-anti-blemish-toner-200ml,14-18|19-24|25-36,female,normal|oily|combination,no,"hot and humid (e.g., karachi)|dry and hot",acne|dullness|hyperpigmentation|open pores|whiteheads / blackheads,mild|moderate
Shea Butter Luxury Body Cream 300ml,Shea butter.,Cream,1920.0,"Rs.1,920.00",https://cdn.shopify.com/s/files/1/0977/3495/1226/files/luxbodycreamsheabutter.png?v=1773827237,https://pk.hemaniherbals.com/products/shea-butter-luxury-body-cream,25-36,female,dry,no,dry and hot|cold and dry,dullness,mild|moderate
Saffron Rose Water Spray 120ml,Rose water; Saffron; Herbal extracts,Face Mist,310.0,Rs.310.00,https://cdn.shopify.com/s/files/1/0977/3495/1226/files/8961102810046_1_jpg_baca1cf7-45a4-454f-a99c-f34868bbfad8.jpg?v=1771269327,https://pk.hemaniherbals.com/products/saffron-rose-water-spray-120ml,19-24|25-36,female,normal|combination,no,dry and hot,dullness|hyperpigmentation|redness,mild|moderate
Rose Extract & Cranberry Beads - Skin Moisturizing Gel,/ Fragrance Notes; Rose extract; cranberry beads; glycerin,Gel,1260.0,"Rs.1,260.00",https://cdn.shopify.com/s/files/1/0977/3495/1226/files/8961102060113_1_jpg_09818476-0e25-4325-b49e-f9ee06833848.jpg?v=1771269161,https://pk.hemaniherbals.com/products/rose-extract-cranberry-beads-skin-moisturizing-gel,19-24|25-36,female,normal|dry,no,dry and hot|cold and dry,dullness|dryness,mild
Probiotic Beauty - Foaming Face Wash 150ml,Probiotic Complex: Supports skin balance.; Gentle Cleansing Base: Removes impurities effectively.,Face Wash,840.0,Rs.840.00,https://cdn.shopify.com/s/files/1/0977/3495/1226/files/8681475384943_1_jpg.jpg?v=1771269059,https://pk.hemaniherbals.com/products/probiotic-beauty-foaming-face-wash,19-24|25-36,female,normal|oily|combination,no,"hot and humid (e.g., karachi)|dry and hot",acne|open pores|redness,mild|moderate
Probiotic Beauty - Face Serum 30ml,Probiotic Complex: Helps support skin balance and conditioning.,Serum,1400.0,"Rs.1,400.00",https://cdn.shopify.com/s/files/1/0977/3495/1226/files/ProbioticBeauty-FaceSerum.jpg?v=1772002953,https://pk.hemaniherbals.com/products/probiotic-beauty-face-serum,19-24|25-36,female,normal|combination,no,dry and hot,dullness|hyperpigmentation|open pores|redness,mild|moderate
Probiotic Beauty - Face Cream 50ml,Probiotic Complex: Supports skin balance and conditioning.; Moisturizing Base: Helps maintain hydration.,Cream,1400.0,"Rs.1,400.00",https://cdn.shopify.com/s/files/1/0977/3495/1226/files/8681475384929_2_jpg.jpg?v=1772003116,https://pk.hemaniherbals.com/products/probiotic-beauty-face-cream,19-24|25-36,female,normal|dry,no,dry and hot,dullness|dryness,mild
PoreFiner - Foaming Face Wash with Tea Tree & Alpine Willowherb 150ml,brightening; face wash; skin care,Face Wash,1400.0,"Rs.1,400.00",https://cdn.shopify.com/s/files/1/0977/3495/1226/files/8681475385964_1_jpg.jpg?v=1771269002,https://pk.hemaniherbals.com/products/porefiner-foaming-face-wash-with-tea-tree-alpine-willowherb,19-24|25-36,female,normal|oily,no,"hot and humid (e.g., karachi)|dry and hot",acne|open pores|whiteheads / blackheads,mild|moderate
PoreFiner - Face Serum with Tea Tree & Alpine Willowherb,Alpine Willowherb: Helps calm and balance skin; Tea Tree Oil: Supports skin purification; Salicylic Acid: Helps refine and unclog pores,Serum,1400.0,"Rs.1,400.00",https://cdn.shopify.com/s/files/1/0977/3495/1226/files/8681475385988_2_jpg.jpg?v=1772004241,https://pk.hemaniherbals.com/products/porefiner-face-serum-with-tea-tree-alpine-willowherb,19-24|25-36,female,normal|oily|combination,no,"hot and humid (e.g., karachi)|dry and hot",acne|open pores|whiteheads / blackheads,mild|moderate
Pomegranate Extract & Cranberry Beads - Skin Moisturizing Gel 60ml,/ Fragrance Notes; Pomegranate extract; cranberry beads; glycerin,Gel,1260.0,"Rs.1,260.00",https://cdn.shopify.com/s/files/1/0977/3495/1226/files/8961102060106_1_jpg_625cf089-f926-463f-9211-b6ad45b0a4f8.jpg?v=1771268993,https://pk.hemaniherbals.com/products/pomegranate-extract-cranberry-beads-skin-moisturizing-gel,19-24|25-36,female,normal|combination,no,dry and hot|cold and dry,dullness|hyperpigmentation,mild|moderate
Peppermint Lip Balm Chapstick,lip balm; lip care; makeup; peppermint; vitamin e,Lip Care,245.0,Rs.245.00,https://cdn.shopify.com/s/files/1/0977/3495/1226/files/8961102066917_1_jpg.jpg?v=1771268857,https://pk.hemaniherbals.com/products/peppermint-lip-balm-chapstick,14-18|19-24,female,normal|dry,no,dry and hot,dryness|chapped lips,mild
Peach - Skin Moisturizing Gel,/ Fragrance Notes; Peach extract; glycerin; charcoal,Gel,1260.0,"Rs.1,260.00",https://cdn.shopify.com/s/files/1/0977/3495/1226/files/8961102060090_1_jpg_4367ce29-5098-44dc-9eb6-4c3c0cd260d0.jpg?v=1771268831,https://pk.hemaniherbals.com/products/peach-skin-moisturizing-gel,14-18|19-24|25-36,female,normal|combination,no,dry and hot|cold and dry,dullness|open pores|redness,mild
Papaya - Skin Moisturizing Gel,/ Fragrance Notes; Papaya extract; glycerin; vitamin E,Gel,950.0,Rs.950.00,https://cdn.shopify.com/s/files/1/0977/3495/1226/files/8961102060083_1_jpg_789b96a1-5cdf-4789-b08b-ff9b016b9678.jpg?v=1771268829,https://pk.hemaniherbals.com/products/papaya-skin-moisturizing-gel,19-24|25-36,female,normal|combination,no,"hot and humid (e.g., karachi)|dry and hot",dullness|hyperpigmentation|open pores|redness,mild|moderate
Oil Control Micellar Cleansing Water 200ml,Micelles: Help attract dirt and oil.; Hydrating Agents: Support skin comfort.,Face Wash,1475.0,"Rs.1,475.00",https://cdn.shopify.com/s/files/1/0977/3495/1226/files/5907747209534_1_jpg_8e5fbadf-15f0-4574-b459-c7b53367068d.jpg?v=1771268688,https://pk.hemaniherbals.com/products/oil-control-micellar-cleansing-water-200ml,19-24|25-36,female,normal|oily,no,"hot and humid (e.g., karachi)|dry and hot",acne|open pores|oily skin,mild|moderate
Oil Control Cleansing Foam 150ml,Gentle Cleansers: Help remove impurities.; Conditioning Agents: Support skin comfort.,Face Wash,1600.0,"Rs.1,600.00",https://cdn.shopify.com/s/files/1/0977/3495/1226/files/5907747209558_1_jpg_94d570a5-ec89-49f8-baf2-4e7a2fa613b5.jpg?v=1771268678,https://pk.hemaniherbals.com/products/oil-control-cleansing-foam,14-18|19-24,male|female,normal|oily,no,"hot and humid (e.g., karachi)|dry and hot",acne|open pores|oily skin,mild|moderate
Naturistic - Eyebrow Serum,Argan Oil: Valued for conditioning and nourishment.,Serum,760.0,Rs.760.00,https://cdn.shopify.com/s/files/1/0977/3495/1226/files/8964001505334_2_jpg.jpg?v=1772095824,https://pk.hemaniherbals.com/products/naturistic-eyebrow-serum,19-24|25-36,female,normal|oily,no,"hot and humid (e.g., karachi)|dry and hot",dullness|open pores,mild
Musk Abiyad Perfume Hand Cream,Argan oil; Aloe vera; Sweet almond oil,Cream,1320.0,"Rs.1,320.00",https://cdn.shopify.com/s/files/1/0977/3495/1226/files/1.jpg?v=1772013313,https://pk.hemaniherbals.com/products/musk-abiyad-perfume-hand-cream,19-24|25-36,female,normal|dry,no,dry and hot,dullness|dryness,mild
Moisture Fiesta Nourishing Cream 50ml,Calendula; Shea Butter; Rice Starch,Cream,2750.0,"Rs.2,750.00",https://cdn.shopify.com/s/files/1/0977/3495/1226/files/moiture1.jpg?v=1775737603,https://pk.hemaniherbals.com/products/moisture-fiesta-nourishing-cream-50ml,25-36|37-45|45+,female,normal|dry,no,dry and hot|cold and dry,dullness|dryness,mild
Intensive Care Therapy - Aloe Vera Gel 50ml (Tube),Aloe Vera: Provides hydration; soothing relief; and skin nourishment.,Gel,430.0,Rs.430.00,https://cdn.shopify.com/s/files/1/0977/3495/1226/files/IntensiveCareTherapy-AloeVeraGel50ml_Tube.png?v=1775642844,https://pk.hemaniherbals.com/products/intensive-care-therapy-aloe-vera-gel-50ml-tube,19-24|25-36,female,normal|dry,no,dry and hot|cold and dry,dullness|redness,mild|moderate
Honeydew Foaming Face Cleanser 150ml,Honey to hydrate and soften skin.; Propolis with soothing; antimicrobial benefits.; Hyaluronic Acid to support skin’s moisture and barrier.,Face Wash,1370.0,"Rs.1,370.00",https://cdn.shopify.com/s/files/1/0977/3495/1226/files/8961102819322_1_jpg_c5b5b03e-53d9-4bbf-b468-2865de3752fd.jpg?v=1771268066,https://pk.hemaniherbals.com/products/honeydew-foaming-face-cleanser-150ml,14-18|19-24|25-36,female,normal|combination,no,dry and hot|cold and dry,acne|dullness|open pores|redness,mild|moderate
Hand & Foot Brightening Scrub 200ml,Natural Salt: Provides exfoliating action.; Rice Bran: Supports skin brightness.; Niacinamide: Helps maintain even tone.,Scrub,1980.0,"Rs.1,980.00",https://cdn.shopify.com/s/files/1/0977/3495/1226/files/0009170_hand-foot-brightening-scrub-200ml_550.jpg?v=1772533350,https://pk.hemaniherbals.com/products/hand-foot-brightening-scrub-200ml,19-24|25-36,female,normal|combination,no,dry and hot,dullness|hyperpigmentation,mild|moderate
Glow Boost - Face Serum with Vitamin C 30ml,Vitamin C: Supports skin brightness and tone balance.; Conditioning Agents: Help maintain smoothness.,Serum,1194.0,"Rs.1,194.00",https://cdn.shopify.com/s/files/1/0977/3495/1226/files/glowboostserum2.png?v=1775547577,https://pk.hemaniherbals.com/products/glow-boost-face-serum-with-vitamin-c,19-24|25-36,female,normal|combination,no,"hot and humid (e.g., karachi)|dry and hot",dullness|hyperpigmentation|sun tan,mild|moderate
Coconuty Allure - Face Scrub,Coconut Components: Support skin conditioning.; Exfoliating Particles: Help refine skin texture.,Scrub,1190.0,"Rs.1,190.00",https://cdn.shopify.com/s/files/1/0977/3495/1226/files/5907747209701.jpg?v=1771398929,https://pk.hemaniherbals.com/products/coconuty-allure-face-scrub,19-24|25-36,female,normal|oily,no,"hot and humid (e.g., karachi)|dry and hot",acne|open pores|dullness,mild|moderate
Coconuty Allure - Body Butter,Coconut Oil: Supports skin softness and moisture; Natural oils: Help maintain surface smoothness,Glow UP,1345.0,"Rs.1,345.00",https://cdn.shopify.com/s/files/1/0977/3495/1226/files/8964001506256.jpg?v=1771399344,https://pk.hemaniherbals.com/products/coconuty-allure-body-butter,19-24|25-36,female,normal|dry,no,dry and hot,dullness,mild
Clear Deep Cleansing Face Foam 150ml,150ml; 50ml; anti acne; brightening; skin care; vitamin b; vitamin c,Glow UP,3785.0,"Rs.3,785.00",https://cdn.shopify.com/s/files/1/0977/3495/1226/files/ClearDeepCleansingFaceFoam1.jpg?v=1773818615,https://pk.hemaniherbals.com/products/clear-deep-cleansing-face-foam-150ml,19-24|25-36,female,normal|oily,no,"hot and humid (e.g., karachi)|dry and hot",acne|dullness|open pores,mild|moderate
Awakening Lime & Ginger Shower Gel 500ml,500ml; aloe vera; body care; body wash; ginger; lime; shower gel,Gel,2290.0,"Rs.2,290.00",https://cdn.shopify.com/s/files/1/0977/3495/1226/files/8961102061059_1_jpg_98fd6885-331e-44c5-b0a6-aa5be3535bbe.jpg?v=1781095254,https://pk.hemaniherbals.com/products/awakening-lime-ginger-shower-gel-500ml,19-24|25-36,female,normal|oily,no,"hot and humid (e.g., karachi)|dry and hot",acne|dullness|open pores|redness,mild|moderate
Anti-Aging Sandalwood Face Mist 120ml,Sandalwood to soothe and calm skin.; Hyaluronic Acid for deep hydration.; Natural extracts to brighten and refresh.,Face Mist,1370.0,"Rs.1,370.00",https://cdn.shopify.com/s/files/1/0977/3495/1226/files/8961102815652_1_jpg.jpg?v=1781091726,https://pk.hemaniherbals.com/products/anti-aging-sandalwood-face-mist-120ml,25-36|37-45|45+,female,normal|dry,no,dry and hot|cold and dry,dullness|wrinkles,mild|moderate
Anti Wrinkle Cream 50g,Natural Extract: Helps support a smoother; looking; younger; looking appearance.; Herbal Extracts: Provide gentle exfoliation to help eliminate dead skin cells.; Skin; Protecting Actives: Help support protection from further skin damage.,Cream,895.0,Rs.895.00,https://cdn.shopify.com/s/files/1/0977/3495/1226/files/8859362501975_2_jpg_b6ae5652-31c4-438c-9c5b-f2cc4bef3d8c.jpg?v=1781091542,https://pk.hemaniherbals.com/products/anti-wrinkle-cream,25-36|37-45|45+,female,normal|combination,no,dry and hot|cold and dry,dullness|wrinkles,mild|moderate
Almond Soap 75g,75g; almond; body care; daily care; soap,Soap,220.0,Rs.220.00,https://cdn.shopify.com/s/files/1/0977/3495/1226/files/AlmondSoap75g.jpg?v=1781090397,https://pk.hemaniherbals.com/products/almond-soap-75g,14-18|19-24,female,normal|dry,no,dry and hot,dullness|normal skin maintenance,mild
Advance Brightening Facial Kit,brightening; gift set; skin care; skincare bundle,Glow UP,575.0,Rs.575.00,https://cdn.shopify.com/s/files/1/0977/3495/1226/files/8964001506829.jpg?v=1781088910,https://pk.hemaniherbals.com/products/advance-brightening-facial-kit,19-24|25-36,female,normal|combination,no,dry and hot|cold and dry,dullness|hyperpigmentation,mild|moderate
Advance Brightening Face Wash,Herbal Extract Blend: Supports skin purification.; Glycerin: Helps maintain hydration.; Cleansing Base: Removes dirt and oil gently.,Face Wash,190.0,Rs.190.00,https://cdn.shopify.com/s/files/1/0977/3495/1226/files/8964001506652.jpg?v=1781088775,https://pk.hemaniherbals.com/products/advance-brightening-face-wash,14-18|19-24|25-36,female,normal|oily,no,"hot and humid (e.g., karachi)|dry and hot",acne|dullness|hyperpigmentation|open pores,mild|moderate
5% Vitamin C Blemish Serum 30ml,Vitamin C to brighten and even skin tone.; Salicylic Acid to unclog and refine pores.; Allantoin and ProVitamin B5 to hydrate and soothe.; Lactic Acid to help smooth and support radiant skin.,Serum,3785.0,"Rs.3,785.00",https://cdn.shopify.com/s/files/1/0977/3495/1226/files/5_VitaminCBlemishSerum3.jpg?v=1781088064,https://pk.hemaniherbals.com/products/5-vitamin-c-blemish-serum,19-24|25-36,female,normal|oily|combination,no,"hot and humid (e.g., karachi)|dry and hot",acne|dark spots|dullness|hyperpigmentation|open pores|redness|whiteheads / blackheads,mild|moderate
